;0;0.169492;0.338983;0.508475;0.677966;0.847458;1.01695;1.18644;1.35593;1.52542;1.69492;1.86441;2.0339;2.20339;2.37288;2.54237;2.71186;2.88136;3.05085;3.22034;3.38983;3.55932;3.72881;3.89831;4.0678;4.23729;4.40678;4.57627;4.74576;4.91525;5.08475;5.25424;5.42373;5.59322;5.76271;5.9322;6.10169;6.27119;6.44068;6.61017;6.77966;6.94915;7.11864;7.28814;7.45763;7.62712;7.79661;7.9661;8.13559;8.30508;8.47458;8.64407;8.81356;8.98305;9.15254;9.32203;9.49153;9.66102;9.83051;10;
0;1;1;1;1;1;1;1;1;1;1;1;1;1;1;1;1;1;1;1;1;1;1;1;1;1;1;1;1;1;1;1;1;1;1;1;1;1;1;1;1;1;1;1;1;1;1;1;1;1;1;1;1;1;1;1;1;1;1;1;0;
0.0289855;1;0.616506;0.852932;0.9436;0.978371;0.991705;0.996819;0.99878;0.999532;0.999821;0.999931;0.999974;0.99999;0.999996;0.999999;0.999999;1;1;1;1;1;1;1;1;1;1;1;1;1;1;1;1;1;1;1;1;1;1;1;1;1;1;1;1;1;1;1;1;1;1;1;1;1;1;1;1;1;1;1;0;
0.057971;1;0.445615;0.721861;0.868203;0.939818;0.973224;0.988314;0.994975;0.997864;0.999101;0.999625;0.999844;0.999936;0.999974;0.999989;0.999996;0.999998;0.999999;1;1;1;1;1;1;1;1;1;1;1;1;1;1;1;1;1;1;1;1;1;1;1;1;1;1;1;1;1;1;1;1;1;1;1;1;1;1;1;1;1;0;
0.0869565;1;0.356333;0.624179;0.795213;0.893907;0.947098;0.974396;0.9879;0.994392;0.997443;0.99885;0.999489;0.999775;0.999902;0.999957;0.999982;0.999992;0.999997;0.999999;0.999999;1;1;1;1;1;1;1;1;1;1;1;1;1;1;1;1;1;1;1;1;1;1;1;1;1;1;1;1;1;1;1;1;1;1;1;1;1;1;1;0;
0.115942;1;0.302827;0.552626;0.731508;0.847254;0.916762;0.956204;0.977615;0.988834;0.994544;0.997381;0.998762;0.999422;0.999734;0.999879;0.999945;0.999975;0.999989;0.999995;0.999998;0.999999;1;1;1;1;1;1;1;1;1;1;1;1;1;1;1;1;1;1;1;1;1;1;1;1;1;1;1;1;1;1;1;1;1;1;1;1;1;1;0;
0.144928;1;0.267178;0.499025;0.677748;0.803189;0.884958;0.935206;0.964643;0.981223;0.990259;0.995049;0.997529;0.998786;0.999412;0.999719;0.999867;0.999938;0.999971;0.999987;0.999994;0.999997;0.999999;0.999999;1;1;1;1;1;1;1;1;1;1;1;1;1;1;1;1;1;1;1;1;1;1;1;1;1;1;1;1;1;1;1;1;1;1;1;1;0;
0.173913;1;0.241518;0.457606;0.632643;0.762976;0.853455;0.912712;0.949674;0.971802;0.984592;0.991766;0.995686;0.997779;0.998875;0.999438;0.999723;0.999865;0.999935;0.999969;0.999985;0.999993;0.999997;0.999999;0.999999;1;1;1;1;1;1;1;1;1;1;1;1;1;1;1;1;1;1;1;1;1;1;1;1;1;1;1;1;1;1;1;1;1;1;1;0;
0.202899;1;0.221992;0.42463;0.594587;0.726828;0.823242;0.889711;0.933385;0.960915;0.977654;0.987518;0.993172;0.996335;0.998066;0.998995;0.999485;0.99974;0.99987;0.999936;0.999968;0.999985;0.999993;0.999996;0.999998;0.999999;1;1;1;1;1;1;1;1;1;1;1;1;1;1;1;1;1;1;1;1;1;1;1;1;1;1;1;1;1;1;1;1;1;1;0;
0.231884;1;0.206514;0.397689;0.562161;0.694497;0.794789;0.866881;0.916346;0.948925;0.969621;0.982354;0.989968;0.994408;0.996938;0.998351;0.999125;0.999542;0.999763;0.999879;0.999939;0.999969;0.999985;0.999993;0.999996;0.999998;0.999999;1;1;1;1;1;1;1;1;1;1;1;1;1;1;1;1;1;1;1;1;1;1;1;1;1;1;1;1;1;1;1;1;1;0;
0.26087;1;0.193865;0.375193;0.534227;0.665575;0.768258;0.844648;0.899003;0.936168;0.96069;0.97636;0.986091;0.991979;0.995458;0.997472;0.998615;0.999252;0.999601;0.99979;0.999891;0.999944;0.999971;0.999986;0.999993;0.999996;0.999998;0.999999;1;1;1;1;1;1;1;1;1;1;1;1;1;1;1;1;1;1;1;1;1;1;1;1;1;1;1;1;1;1;1;1;0;
0.289855;1;0.18328;0.356069;0.509903;0.63963;0.743643;0.82326;0.881679;0.92293;0.951061;0.969648;0.981582;0.989047;0.993608;0.996333;0.99793;0.998849;0.999369;0.999658;0.999817;0.999903;0.999949;0.999974;0.999987;0.999993;0.999997;0.999998;0.999999;1;1;1;1;1;1;1;1;1;1;1;1;1;1;1;1;1;1;1;1;1;1;1;1;1;1;1;1;1;1;1;0;
0.318841;1;0.174254;0.339562;0.488512;0.616261;0.720848;0.802844;0.864605;0.909443;0.940916;0.962333;0.976501;0.985632;0.991379;0.994917;0.997052;0.998316;0.999052;0.999473;0.999711;0.999843;0.999916;0.999955;0.999977;0.999988;0.999994;0.999997;0.999998;0.999999;1;1;1;1;1;1;1;1;1;1;1;1;1;1;1;1;1;1;1;1;1;1;1;1;1;1;1;1;1;1;0;
0.347826;1;0.16644;0.325135;0.469531;0.595115;0.699741;0.783448;0.847931;0.895889;0.930414;0.954531;0.970915;0.981764;0.988778;0.993215;0.995965;0.997637;0.998636;0.999224;0.999564;0.999758;0.999867;0.999928;0.999961;0.999979;0.999989;0.999994;0.999997;0.999998;0.999999;1;1;1;1;1;1;1;1;1;1;1;1;1;1;1;1;1;1;1;1;1;1;1;1;1;1;1;1;1;0;
0.376812;1;0.159589;0.312388;0.452553;0.575891;0.680176;0.765072;0.831754;0.882405;0.919691;0.946348;0.964897;0.977481;0.985819;0.991225;0.994659;0.9968;0.99811;0.998899;0.999367;0.999641;0.999798;0.999888;0.999939;0.999967;0.999982;0.99999;0.999995;0.999997;0.999999;0.999999;1;1;1;1;1;1;1;1;1;1;1;1;1;1;1;1;1;1;1;1;1;1;1;1;1;1;1;1;0;
0.405797;1;0.153518;0.301021;0.437257;0.558334;0.662012;0.747686;0.816131;0.869091;0.908855;0.937881;0.958516;0.972826;0.982523;0.988953;0.993131;0.995795;0.997464;0.998491;0.999114;0.999487;0.999706;0.999833;0.999907;0.999948;0.999972;0.999985;0.999992;0.999996;0.999998;0.999999;0.999999;1;1;1;1;1;1;1;1;1;1;1;1;1;1;1;1;1;1;1;1;1;1;1;1;1;1;1;0;
0.434783;1;0.148091;0.290803;0.423389;0.542231;0.645113;0.731247;0.801088;0.85602;0.897997;0.929213;0.951838;0.967845;0.978915;0.986409;0.991381;0.994618;0.996689;0.997991;0.998797;0.999289;0.999585;0.99976;0.999863;0.999923;0.999957;0.999976;0.999987;0.999993;0.999996;0.999998;0.999999;0.999999;1;1;1;1;1;1;1;1;1;1;1;1;1;1;1;1;1;1;1;1;1;1;1;1;1;1;0;
0.463768;1;0.143201;0.281555;0.410744;0.5274;0.629358;0.7157;0.786634;0.843242;0.887186;0.920415;0.944924;0.962582;0.975023;0.983606;0.989412;0.993266;0.995779;0.997391;0.998409;0.999042;0.99943;0.999665;0.999805;0.999888;0.999936;0.999964;0.99998;0.999989;0.999994;0.999997;0.999998;0.999999;0.999999;1;1;1;1;1;1;1;1;1;1;1;1;1;1;1;1;1;1;1;1;1;1;1;1;1;0;
0.492754;1;0.138765;0.273133;0.399155;0.513689;0.614635;0.700989;0.772763;0.83079;0.876476;0.911547;0.937829;0.957079;0.970875;0.980562;0.987231;0.991738;0.994731;0.996687;0.997944;0.99874;0.999237;0.999544;0.99973;0.999842;0.999908;0.999947;0.99997;0.999983;0.999991;0.999995;0.999997;0.999998;0.999999;1;1;1;1;1;1;1;1;1;1;1;1;1;1;1;1;1;1;1;1;1;1;1;1;1;0;
0.521739;1;0.134717;0.265422;0.388483;0.500968;0.600846;0.687058;0.759462;0.818684;0.865908;0.902659;0.9306;0.951377;0.966503;0.977294;0.984847;0.990038;0.993544;0.995874;0.997397;0.998379;0.999002;0.999393;0.999635;0.999783;0.999872;0.999925;0.999957;0.999975;0.999986;0.999992;0.999996;0.999998;0.999999;0.999999;1;1;1;1;1;1;1;1;1;1;1;1;1;1;1;1;1;1;1;1;1;1;1;1;0;
0.550725;1;0.131003;0.258326;0.378616;0.489128;0.587903;0.673852;0.746712;0.806935;0.855514;0.893791;0.923279;0.945512;0.961932;0.973823;0.982272;0.98817;0.992217;0.994949;0.996765;0.997954;0.998721;0.99921;0.999517;0.999708;0.999826;0.999897;0.999939;0.999965;0.99998;0.999988;0.999993;0.999996;0.999998;0.999999;0.999999;1;1;1;1;1;1;1;1;1;1;1;1;1;1;1;1;1;1;1;1;1;1;1;0;
0.57971;1;0.127581;0.251769;0.369459;0.478072;0.575729;0.66132;0.73449;0.795546;0.845315;0.884977;0.915903;0.939518;0.957191;0.970167;0.979519;0.986141;0.990752;0.993912;0.996044;0.997461;0.99839;0.998991;0.999375;0.999616;0.999767;0.99986;0.999917;0.999951;0.999971;0.999983;0.99999;0.999995;0.999997;0.999998;0.999999;0.999999;1;1;1;1;1;1;1;1;1;1;1;1;1;1;1;1;1;1;1;1;1;1;0;
0.608696;1;0.124413;0.245686;0.36093;0.467721;0.564254;0.649413;0.722771;0.784516;0.835328;0.876243;0.908501;0.933423;0.952306;0.966346;0.976599;0.983958;0.989153;0.992762;0.995232;0.996898;0.998006;0.998733;0.999203;0.999505;0.999695;0.999814;0.999888;0.999933;0.99996;0.999977;0.999986;0.999992;0.999995;0.999997;0.999999;0.999999;1;1;1;1;1;1;1;1;1;1;1;1;1;1;1;1;1;1;1;1;1;1;0;
0.637681;1;0.12147;0.240022;0.352962;0.458004;0.553416;0.638087;0.711532;0.773839;0.825563;0.86761;0.9011;0.927256;0.947298;0.962378;0.973526;0.981628;0.987422;0.991501;0.994329;0.996262;0.997566;0.998432;0.999002;0.999371;0.999608;0.999758;0.999852;0.99991;0.999946;0.999968;0.999981;0.999989;0.999994;0.999996;0.999998;0.999999;0.999999;1;1;1;1;1;1;1;1;1;1;1;1;1;1;1;1;1;1;1;1;1;0;
0.666667;1;0.118726;0.234732;0.345496;0.44886;0.543162;0.6273;0.700748;0.763507;0.816027;0.859094;0.893722;0.921038;0.942191;0.958282;0.970314;0.979162;0.985566;0.990129;0.993334;0.995552;0.997067;0.998088;0.998767;0.999213;0.999503;0.999689;0.999808;0.999882;0.999928;0.999957;0.999974;0.999985;0.999991;0.999995;0.999997;0.999998;0.999999;0.999999;1;1;1;1;1;1;1;1;1;1;1;1;1;1;1;1;1;1;1;1;0;
0.695652;1;0.11616;0.229777;0.338482;0.440236;0.533442;0.617015;0.690394;0.753511;0.806721;0.850709;0.886385;0.91479;0.937003;0.954074;0.966975;0.976568;0.983589;0.988651;0.992247;0.994767;0.996509;0.997696;0.998497;0.999029;0.999379;0.999607;0.999754;0.999847;0.999906;0.999943;0.999965;0.999979;0.999988;0.999993;0.999996;0.999997;0.999999;0.999999;1;1;1;1;1;1;1;1;1;1;1;1;1;1;1;1;1;1;1;1;0;
0.724638;1;0.113753;0.225122;0.331876;0.432084;0.524213;0.607196;0.680447;0.74384;0.797647;0.842462;0.879104;0.90853;0.931752;0.949771;0.963523;0.973855;0.981498;0.987068;0.991071;0.993906;0.995889;0.997257;0.998189;0.998817;0.999235;0.99951;0.99969;0.999805;0.999879;0.999925;0.999954;0.999972;0.999983;0.99999;0.999994;0.999996;0.999998;0.999999;0.999999;1;1;1;1;1;1;1;1;1;1;1;1;1;1;1;1;1;1;1;0;
0.753623;1;0.11149;0.220738;0.325641;0.424364;0.515437;0.597811;0.670885;0.734482;0.788804;0.834362;0.871892;0.902274;0.926455;0.945385;0.95997;0.971033;0.979299;0.985386;0.989805;0.99297;0.995207;0.996767;0.997843;0.998576;0.999069;0.999397;0.999614;0.999754;0.999845;0.999903;0.99994;0.999963;0.999978;0.999987;0.999992;0.999995;0.999997;0.999998;0.999999;0.999999;1;1;1;1;1;1;1;1;1;1;1;1;1;1;1;1;1;1;0;
0.782609;1;0.109357;0.216601;0.319743;0.41704;0.507078;0.588832;0.661687;0.725426;0.780189;0.826413;0.864758;0.896034;0.921125;0.940932;0.956327;0.968111;0.976999;0.983607;0.988453;0.991959;0.994462;0.996227;0.997457;0.998303;0.998879;0.999267;0.999525;0.999695;0.999806;0.999877;0.999923;0.999952;0.999971;0.999982;0.999989;0.999993;0.999996;0.999998;0.999999;0.999999;1;1;1;1;1;1;1;1;1;1;1;1;1;1;1;1;1;1;0;
0.811594;1;0.107342;0.212687;0.314153;0.410079;0.499106;0.580231;0.652833;0.716659;0.771797;0.818617;0.857711;0.889821;0.915774;0.936424;0.952605;0.965098;0.974604;0.981737;0.987017;0.990873;0.993654;0.995635;0.997028;0.997997;0.998664;0.999117;0.999422;0.999625;0.999759;0.999846;0.999903;0.999939;0.999962;0.999977;0.999986;0.999991;0.999995;0.999997;0.999998;0.999999;0.999999;1;1;1;1;1;1;1;1;1;1;1;1;1;1;1;1;1;0;
0.84058;1;0.105434;0.208978;0.308845;0.403452;0.491492;0.571985;0.644304;0.70817;0.763624;0.810977;0.850757;0.883646;0.910414;0.931871;0.948815;0.962002;0.972122;0.97978;0.9855;0.989716;0.992784;0.99499;0.996557;0.997658;0.998422;0.998947;0.999304;0.999544;0.999704;0.999809;0.999878;0.999923;0.999952;0.99997;0.999981;0.999989;0.999993;0.999996;0.999997;0.999998;0.999999;0.999999;1;1;1;1;1;1;1;1;1;1;1;1;1;1;1;1;0;
0.869565;1;0.103625;0.205456;0.303797;0.397134;0.48421;0.564069;0.636083;0.699948;0.755664;0.803492;0.843901;0.877516;0.905055;0.927284;0.944965;0.958832;0.969558;0.977742;0.983905;0.988487;0.991852;0.994293;0.996043;0.997284;0.998153;0.998756;0.99917;0.999451;0.99964;0.999766;0.999849;0.999904;0.999939;0.999962;0.999976;0.999985;0.999991;0.999994;0.999997;0.999998;0.999999;0.999999;1;1;1;1;1;1;1;1;1;1;1;1;1;1;1;1;0;
0.898551;1;0.101905;0.202106;0.298987;0.391102;0.477238;0.556464;0.628152;0.691981;0.747913;0.796162;0.837147;0.871438;0.899706;0.922672;0.941066;0.955596;0.966918;0.975625;0.982235;0.98719;0.990859;0.993543;0.995485;0.996874;0.997856;0.998543;0.999019;0.999346;0.999567;0.999716;0.999815;0.999881;0.999924;0.999952;0.999969;0.999981;0.999988;0.999993;0.999996;0.999997;0.999998;0.999999;0.999999;1;1;1;1;1;1;1;1;1;1;1;1;1;1;1;0;
0.927536;1;0.100269;0.198915;0.294399;0.385335;0.470554;0.54915;0.620497;0.684257;0.740363;0.788986;0.830498;0.865419;0.894373;0.918043;0.937125;0.952301;0.964211;0.973437;0.980494;0.985826;0.989806;0.992742;0.994883;0.996427;0.997529;0.998307;0.99885;0.999226;0.999484;0.999658;0.999776;0.999854;0.999906;0.99994;0.999962;0.999976;0.999985;0.999991;0.999994;0.999996;0.999998;0.999999;0.999999;1;1;1;1;1;1;1;1;1;1;1;1;1;1;1;0;
0.956522;1;0.0987083;0.19587;0.290014;0.379813;0.46414;0.54211;0.613103;0.676768;0.733009;0.781962;0.823954;0.859461;0.889064;0.913405;0.933149;0.948953;0.96144;0.971181;0.978685;0.984397;0.988694;0.991888;0.994236;0.995944;0.997172;0.998046;0.998662;0.999092;0.999389;0.999592;0.99973;0.999823;0.999885;0.999925;0.999952;0.999969;0.999981;0.999988;0.999992;0.999995;0.999997;0.999998;0.999999;0.999999;1;1;1;1;1;1;1;1;1;1;1;1;1;1;0;
0.985507;1;0.0972187;0.192961;0.28582;0.374521;0.457978;0.535328;0.605956;0.669501;0.725845;0.775088;0.817519;0.853571;0.883784;0.908765;0.929146;0.945561;0.958612;0.968862;0.976812;0.982907;0.987525;0.990983;0.993545;0.995423;0.996784;0.997761;0.998455;0.998943;0.999283;0.999517;0.999678;0.999787;0.99986;0.999909;0.999941;0.999962;0.999976;0.999985;0.99999;0.999994;0.999996;0.999998;0.999999;0.999999;0.999999;1;1;1;1;1;1;1;1;1;1;1;1;1;0;
1.01449;1;0.0957945;0.190177;0.281802;0.369444;0.452053;0.528789;0.599044;0.662449;0.718864;0.768361;0.811191;0.847749;0.878538;0.904128;0.925122;0.942128;0.955733;0.966484;0.974879;0.981357;0.9863;0.990028;0.992811;0.994864;0.996365;0.99745;0.998227;0.998777;0.999164;0.999433;0.999619;0.999746;0.999832;0.999889;0.999928;0.999953;0.99997;0.999981;0.999988;0.999992;0.999995;0.999997;0.999998;0.999999;0.999999;1;1;1;1;1;1;1;1;1;1;1;1;1;0;
1.04348;1;0.0944311;0.187511;0.277948;0.364566;0.446349;0.522479;0.592355;0.655601;0.712061;0.761778;0.804971;0.842;0.873331;0.8995;0.921083;0.938663;0.952808;0.964053;0.972888;0.979751;0.985021;0.989024;0.992032;0.994268;0.995914;0.997113;0.997977;0.998595;0.999032;0.999339;0.999552;0.999699;0.999799;0.999867;0.999912;0.999943;0.999963;0.999976;0.999985;0.99999;0.999994;0.999996;0.999998;0.999999;0.999999;0.999999;1;1;1;1;1;1;1;1;1;1;1;1;0;
1.07246;1;0.0931243;0.184953;0.274248;0.359875;0.440853;0.516385;0.585877;0.64895;0.705429;0.755337;0.798859;0.836325;0.868165;0.894886;0.917034;0.935169;0.94984;0.961572;0.970844;0.97809;0.98369;0.987972;0.99121;0.993635;0.995431;0.996749;0.997707;0.998396;0.998887;0.999234;0.999477;0.999646;0.999762;0.999841;0.999895;0.999931;0.999955;0.999971;0.999981;0.999988;0.999992;0.999995;0.999997;0.999998;0.999999;0.999999;1;1;1;1;1;1;1;1;1;1;1;1;0;
1.10145;1;0.0918703;0.182498;0.270691;0.35536;0.435554;0.510496;0.579601;0.642485;0.698963;0.749033;0.792854;0.830725;0.863045;0.89029;0.91298;0.931651;0.946837;0.959045;0.968749;0.976378;0.98231;0.986873;0.990346;0.992964;0.994916;0.996358;0.997413;0.998178;0.998727;0.999118;0.999393;0.999586;0.99972;0.999811;0.999874;0.999917;0.999945;0.999964;0.999977;0.999985;0.99999;0.999994;0.999996;0.999998;0.999998;0.999999;0.999999;1;1;1;1;1;1;1;1;1;1;1;0;
1.13043;1;0.0906656;0.180137;0.267269;0.35101;0.43044;0.5048;0.573516;0.636201;0.692657;0.742863;0.786955;0.825201;0.857972;0.885715;0.908925;0.928115;0.943801;0.956477;0.966608;0.974617;0.980881;0.985728;0.989441;0.992256;0.994369;0.995941;0.997098;0.997942;0.998552;0.99899;0.999301;0.999519;0.999672;0.999778;0.999851;0.9999;0.999934;0.999957;0.999972;0.999982;0.999988;0.999992;0.999995;0.999997;0.999998;0.999999;0.999999;1;1;1;1;1;1;1;1;1;1;1;0;
1.15942;1;0.0895071;0.177866;0.263974;0.346815;0.4255;0.499288;0.567613;0.630088;0.686505;0.736825;0.781161;0.819754;0.852949;0.881165;0.904873;0.924564;0.940736;0.953871;0.964423;0.97281;0.979405;0.984539;0.988494;0.991511;0.99379;0.995495;0.996759;0.997687;0.998363;0.99885;0.999198;0.999445;0.999619;0.99974;0.999824;0.999882;0.999921;0.999948;0.999966;0.999977;0.999985;0.999991;0.999994;0.999996;0.999998;0.999998;0.999999;0.999999;1;1;1;1;1;1;1;1;1;1;0;
1.18841;1;0.0883918;0.175678;0.260797;0.342767;0.420725;0.49395;0.561884;0.624141;0.680503;0.730915;0.77547;0.814385;0.847978;0.876643;0.900827;0.921002;0.937647;0.951231;0.962198;0.970959;0.977886;0.983307;0.987508;0.99073;0.993179;0.995022;0.996397;0.997413;0.998157;0.998697;0.999086;0.999364;0.99956;0.999698;0.999794;0.999861;0.999907;0.999938;0.999959;0.999973;0.999982;0.999988;0.999992;0.999995;0.999997;0.999998;0.999999;0.999999;1;1;1;1;1;1;1;1;1;1;0;
1.21739;1;0.0873173;0.17357;0.257732;0.338857;0.416106;0.488777;0.556321;0.618351;0.674644;0.725129;0.769881;0.809092;0.843059;0.872152;0.896792;0.917433;0.934538;0.94856;0.959935;0.969067;0.976325;0.982034;0.986482;0.989914;0.992536;0.994522;0.996012;0.997119;0.997935;0.998531;0.998963;0.999274;0.999495;0.999651;0.999761;0.999837;0.99989;0.999926;0.999951;0.999967;0.999978;0.999986;0.999991;0.999994;0.999996;0.999998;0.999998;0.999999;0.999999;1;1;1;1;1;1;1;1;1;0;
1.24638;1;0.086281;0.171535;0.254772;0.335077;0.411634;0.483761;0.550916;0.612713;0.668924;0.719465;0.764391;0.803878;0.838195;0.867692;0.89277;0.913861;0.931411;0.945861;0.957637;0.967137;0.974723;0.980721;0.985419;0.989063;0.991862;0.993994;0.995602;0.996805;0.997697;0.998352;0.99883;0.999175;0.999423;0.999599;0.999723;0.99981;0.999871;0.999913;0.999941;0.999961;0.999974;0.999983;0.999989;0.999993;0.999995;0.999997;0.999998;0.999999;0.999999;1;1;1;1;1;1;1;1;1;0;
1.27536;1;0.0852808;0.16957;0.251912;0.33142;0.407303;0.478894;0.545661;0.607221;0.663338;0.713918;0.759;0.798739;0.833386;0.863267;0.888763;0.910287;0.928269;0.943138;0.955308;0.96517;0.973083;0.97937;0.984319;0.988177;0.991157;0.993438;0.995169;0.996471;0.997441;0.998159;0.998685;0.999068;0.999344;0.999541;0.999681;0.99978;0.99985;0.999898;0.999931;0.999954;0.999969;0.999979;0.999986;0.999991;0.999994;0.999996;0.999998;0.999998;0.999999;0.999999;1;1;1;1;1;1;1;1;0;
1.30435;1;0.0843145;0.167671;0.249146;0.32788;0.403105;0.474169;0.540551;0.601868;0.657881;0.708485;0.753705;0.793678;0.828633;0.858878;0.884774;0.906715;0.925117;0.940394;0.95295;0.96317;0.971407;0.977983;0.983183;0.987258;0.990421;0.992856;0.994712;0.996116;0.997169;0.997952;0.998529;0.998951;0.999257;0.999478;0.999635;0.999747;0.999826;0.999881;0.999919;0.999945;0.999963;0.999975;0.999984;0.999989;0.999993;0.999995;0.999997;0.999998;0.999999;0.999999;1;1;1;1;1;1;1;1;0;
1.33333;1;0.0833804;0.165835;0.246469;0.324451;0.399033;0.46958;0.535579;0.59665;0.652549;0.703164;0.748505;0.788692;0.823937;0.854527;0.880804;0.903148;0.921955;0.93763;0.950566;0.961138;0.969696;0.97656;0.982013;0.986306;0.989655;0.992246;0.994232;0.995741;0.996879;0.99773;0.99836;0.998824;0.999163;0.999408;0.999584;0.99971;0.999799;0.999862;0.999905;0.999936;0.999957;0.999971;0.999981;0.999987;0.999991;0.999994;0.999996;0.999998;0.999998;0.999999;0.999999;1;1;1;1;1;1;1;0;
1.36232;1;0.0824766;0.164057;0.243877;0.321126;0.395082;0.46512;0.530739;0.591561;0.647338;0.697951;0.743397;0.78378;0.819297;0.850214;0.876857;0.899587;0.918788;0.93485;0.948157;0.959077;0.967954;0.975103;0.980809;0.985322;0.98886;0.991609;0.993727;0.995346;0.996572;0.997493;0.99818;0.998688;0.999061;0.999332;0.999528;0.999669;0.999769;0.99984;0.99989;0.999925;0.999949;0.999966;0.999977;0.999985;0.99999;0.999993;0.999996;0.999997;0.999998;0.999999;0.999999;1;1;1;1;1;1;1;0;
1.3913;1;0.0816016;0.162336;0.241364;0.317902;0.391244;0.460784;0.526025;0.586595;0.642243;0.692843;0.738379;0.778943;0.814713;0.84594;0.872932;0.896035;0.915617;0.932056;0.945727;0.956988;0.96618;0.973614;0.979573;0.984307;0.988035;0.990946;0.993199;0.994929;0.996246;0.997241;0.997987;0.998541;0.99895;0.99925;0.999467;0.999624;0.999737;0.999817;0.999873;0.999913;0.99994;0.999959;0.999973;0.999982;0.999988;0.999992;0.999995;0.999996;0.999998;0.999999;0.999999;0.999999;1;1;1;1;1;1;0;
1.42029;1;0.0807538;0.160667;0.238928;0.314773;0.387516;0.456565;0.521433;0.581749;0.637261;0.687837;0.73345;0.774179;0.810186;0.841707;0.869033;0.892493;0.912444;0.929251;0.943277;0.954875;0.964378;0.972095;0.978306;0.983262;0.987182;0.990256;0.992648;0.994492;0.995903;0.996974;0.997781;0.998384;0.998831;0.99916;0.999401;0.999575;0.999701;0.99979;0.999854;0.999899;0.999931;0.999953;0.999968;0.999978;0.999985;0.99999;0.999994;0.999996;0.999997;0.999998;0.999999;0.999999;1;1;1;1;1;1;0;
1.44928;1;0.079932;0.159049;0.236563;0.311734;0.383892;0.452459;0.516956;0.577017;0.632388;0.68293;0.728608;0.769487;0.805716;0.837515;0.865159;0.888965;0.909272;0.926436;0.94081;0.952738;0.962549;0.970547;0.97701;0.982188;0.986301;0.989541;0.992073;0.994034;0.995542;0.996692;0.997563;0.998216;0.998703;0.999064;0.999328;0.999521;0.999661;0.999761;0.999833;0.999884;0.99992;0.999945;0.999962;0.999974;0.999983;0.999988;0.999992;0.999995;0.999997;0.999998;0.999999;0.999999;0.999999;1;1;1;1;1;0;
1.47826;1;0.0791347;0.157479;0.234268;0.308781;0.380368;0.448461;0.512591;0.572396;0.62762;0.678119;0.723851;0.764867;0.801303;0.833365;0.861313;0.88545;0.906102;0.923613;0.938327;0.95058;0.960694;0.96897;0.975684;0.981085;0.985393;0.988801;0.991475;0.993556;0.995163;0.996394;0.997331;0.998037;0.998566;0.99896;0.99925;0.999463;0.999618;0.999729;0.99981;0.999867;0.999908;0.999936;0.999956;0.99997;0.99998;0.999986;0.999991;0.999994;0.999996;0.999997;0.999998;0.999999;0.999999;1;1;1;1;1;0;
1.50725;1;0.0783608;0.155955;0.232038;0.30591;0.376938;0.444566;0.508333;0.567881;0.622954;0.673402;0.719176;0.760316;0.796945;0.829256;0.857495;0.88195;0.902936;0.920785;0.935831;0.948402;0.958816;0.967368;0.974332;0.979955;0.984458;0.988035;0.990854;0.993057;0.994766;0.996081;0.997085;0.997847;0.99842;0.998848;0.999166;0.999399;0.99957;0.999695;0.999784;0.999848;0.999894;0.999927;0.999949;0.999965;0.999976;0.999984;0.999989;0.999993;0.999995;0.999997;0.999998;0.999999;0.999999;0.999999;1;1;1;1;0;
1.53623;1;0.0776092;0.154474;0.22987;0.303118;0.373598;0.440769;0.504178;0.563469;0.618386;0.668776;0.714581;0.755834;0.792643;0.82519;0.853706;0.878467;0.899776;0.917953;0.933323;0.946207;0.956916;0.965741;0.972953;0.978799;0.983498;0.987246;0.990211;0.992538;0.994351;0.995752;0.996827;0.997645;0.998264;0.998729;0.999075;0.999331;0.999519;0.999656;0.999756;0.999828;0.999879;0.999916;0.999942;0.99996;0.999972;0.999981;0.999987;0.999991;0.999994;0.999996;0.999997;0.999998;0.999999;0.999999;1;1;1;1;0;
1.56522;1;0.0768788;0.153034;0.227762;0.3004;0.370346;0.437068;0.500122;0.559155;0.613913;0.664238;0.710066;0.751419;0.788397;0.821166;0.849947;0.875002;0.896623;0.915118;0.930805;0.943996;0.954995;0.96409;0.971549;0.977616;0.982513;0.986432;0.989545;0.991998;0.993917;0.995407;0.996554;0.997432;0.998099;0.998601;0.998977;0.999257;0.999464;0.999615;0.999725;0.999805;0.999863;0.999904;0.999933;0.999954;0.999968;0.999978;0.999985;0.99999;0.999993;0.999995;0.999997;0.999998;0.999999;0.999999;0.999999;1;1;1;0;
1.5942;1;0.0761687;0.151634;0.225711;0.297755;0.367177;0.433458;0.49616;0.554937;0.609533;0.659786;0.705628;0.747071;0.784205;0.817184;0.846218;0.871556;0.893478;0.912283;0.928278;0.94177;0.953055;0.962417;0.970121;0.97641;0.981503;0.985595;0.988858;0.991439;0.993466;0.995046;0.996268;0.997207;0.997923;0.998466;0.998873;0.999178;0.999404;0.99957;0.999692;0.99978;0.999844;0.99989;0.999923;0.999947;0.999963;0.999975;0.999983;0.999988;0.999992;0.999995;0.999996;0.999998;0.999998;0.999999;0.999999;1;1;1;0;
1.62319;1;0.0754778;0.150271;0.223714;0.295178;0.364087;0.429935;0.49229;0.55081;0.605241;0.655418;0.701265;0.742789;0.780067;0.813246;0.84252;0.868129;0.890342;0.909448;0.925745;0.93953;0.951097;0.960723;0.96867;0.975179;0.980469;0.984735;0.988149;0.99086;0.992997;0.99467;0.995969;0.996971;0.997738;0.998321;0.998762;0.999093;0.999339;0.999521;0.999655;0.999753;0.999825;0.999876;0.999913;0.999939;0.999957;0.999971;0.99998;0.999986;0.999991;0.999994;0.999996;0.999997;0.999998;0.999999;0.999999;0.999999;1;1;0;
1.65217;1;0.0748055;0.148945;0.221769;0.292666;0.361074;0.426495;0.488508;0.546773;0.601035;0.65113;0.696976;0.73857;0.775983;0.809349;0.838853;0.864723;0.887218;0.906616;0.923206;0.93728;0.949123;0.959009;0.967198;0.973926;0.979413;0.983853;0.987419;0.990261;0.99251;0.994277;0.995655;0.996722;0.997542;0.998169;0.998644;0.999002;0.99927;0.999469;0.999616;0.999724;0.999803;0.99986;0.999901;0.99993;0.999951;0.999966;0.999977;0.999984;0.999989;0.999992;0.999995;0.999997;0.999998;0.999998;0.999999;0.999999;1;1;0;
1.68116;1;0.0741508;0.147653;0.219874;0.290217;0.358134;0.423137;0.484811;0.542821;0.596914;0.646922;0.692758;0.734415;0.771952;0.805495;0.835218;0.861339;0.884105;0.903786;0.920663;0.935019;0.947134;0.957277;0.965704;0.972651;0.978335;0.982949;0.986668;0.989643;0.992006;0.993869;0.995327;0.996461;0.997336;0.998007;0.998518;0.998905;0.999195;0.999412;0.999573;0.999692;0.999779;0.999842;0.999888;0.999921;0.999944;0.999961;0.999973;0.999981;0.999987;0.999991;0.999994;0.999996;0.999997;0.999998;0.999999;0.999999;1;1;0;
1.71014;1;0.0735129;0.146394;0.218027;0.287829;0.355264;0.419856;0.481195;0.538951;0.592873;0.642789;0.68861;0.730321;0.767974;0.801683;0.831615;0.857976;0.881005;0.900961;0.918116;0.932748;0.945131;0.955528;0.964191;0.971355;0.977235;0.982025;0.985898;0.989007;0.991484;0.993445;0.994986;0.996188;0.99712;0.997837;0.998385;0.998802;0.999116;0.999352;0.999527;0.999657;0.999753;0.999823;0.999874;0.99991;0.999937;0.999956;0.999969;0.999979;0.999985;0.99999;0.999993;0.999995;0.999997;0.999998;0.999999;0.999999;0.999999;1;0;
1.73913;1;0.0728913;0.145166;0.216225;0.285499;0.352463;0.416649;0.477658;0.535162;0.58891;0.638732;0.684531;0.726288;0.764047;0.797914;0.828045;0.854636;0.877918;0.898141;0.915568;0.930471;0.943115;0.953762;0.96266;0.970039;0.976115;0.981079;0.985107;0.988351;0.990945;0.993006;0.99463;0.995903;0.996893;0.997658;0.998245;0.998692;0.999031;0.999287;0.999478;0.99962;0.999725;0.999802;0.999858;0.999899;0.999928;0.99995;0.999965;0.999975;0.999983;0.999988;0.999992;0.999994;0.999996;0.999997;0.999998;0.999999;0.999999;1;0;
1.76812;1;0.0722852;0.14397;0.214468;0.283224;0.349726;0.413515;0.474198;0.53145;0.585024;0.634746;0.680518;0.722314;0.760171;0.794186;0.824506;0.85132;0.874846;0.895327;0.91302;0.928186;0.941088;0.951982;0.961111;0.968704;0.974974;0.980114;0.984297;0.987677;0.990389;0.992551;0.994261;0.995605;0.996655;0.997469;0.998096;0.998576;0.998941;0.999217;0.999425;0.99958;0.999694;0.999779;0.999841;0.999886;0.999919;0.999943;0.99996;0.999972;0.99998;0.999986;0.999991;0.999994;0.999996;0.999997;0.999998;0.999999;0.999999;1;0;
1.7971;1;0.0716939;0.142802;0.212752;0.281003;0.347051;0.41045;0.47081;0.527813;0.581212;0.630831;0.676571;0.718398;0.756345;0.790499;0.821;0.848026;0.871788;0.89252;0.910471;0.925896;0.939051;0.950187;0.959545;0.96735;0.973814;0.979129;0.983468;0.986985;0.989817;0.99208;0.993878;0.995296;0.996407;0.997271;0.99794;0.998454;0.998846;0.999144;0.999368;0.999536;0.999662;0.999754;0.999823;0.999873;0.999909;0.999935;0.999954;0.999968;0.999978;0.999984;0.999989;0.999993;0.999995;0.999997;0.999998;0.999999;0.999999;1;0;
1.82609;1;0.0711169;0.141662;0.211077;0.278833;0.344437;0.407451;0.467493;0.524248;0.57747;0.626985;0.672687;0.71454;0.752568;0.786854;0.817527;0.844757;0.868747;0.889722;0.907924;0.923601;0.937005;0.94838;0.957963;0.965979;0.972636;0.978126;0.982621;0.986276;0.989227;0.991595;0.993481;0.994974;0.996147;0.997064;0.997776;0.998324;0.998745;0.999065;0.999307;0.99949;0.999626;0.999728;0.999803;0.999858;0.999898;0.999927;0.999948;0.999963;0.999974;0.999982;0.999988;0.999991;0.999994;0.999996;0.999997;0.999998;0.999999;1;0;
1.85507;1;0.0705536;0.140549;0.209441;0.276712;0.341881;0.404517;0.464245;0.520754;0.573799;0.623205;0.668865;0.710737;0.74884;0.783249;0.814086;0.841512;0.865721;0.886933;0.905379;0.921303;0.93495;0.94656;0.956367;0.964591;0.97144;0.977104;0.981755;0.985549;0.988621;0.991094;0.99307;0.994639;0.995877;0.996848;0.997603;0.998188;0.998638;0.998982;0.999243;0.99944;0.999588;0.999699;0.999781;0.999841;0.999886;0.999918;0.999942;0.999959;0.999971;0.99998;0.999986;0.99999;0.999993;0.999995;0.999997;0.999998;0.999999;0.999999;0;
1.88406;1;0.0700035;0.139462;0.207843;0.274639;0.339381;0.401645;0.461063;0.517327;0.570195;0.61949;0.665104;0.706989;0.745161;0.779685;0.810677;0.838291;0.862713;0.884153;0.902837;0.919003;0.932888;0.944729;0.954756;0.963188;0.970227;0.976065;0.980872;0.984805;0.988;0.990578;0.992646;0.994293;0.995596;0.996622;0.997423;0.998045;0.998525;0.998893;0.999174;0.999387;0.999548;0.999668;0.999757;0.999824;0.999873;0.999908;0.999934;0.999953;0.999967;0.999977;0.999984;0.999989;0.999992;0.999995;0.999996;0.999998;0.999999;0.999999;0;
1.91304;1;0.0694661;0.1384;0.20628;0.272612;0.336935;0.398833;0.457945;0.513966;0.566656;0.615838;0.661401;0.703295;0.741528;0.776161;0.807301;0.835095;0.859721;0.881383;0.900299;0.9167;0.930819;0.942888;0.953133;0.961769;0.968998;0.975008;0.979972;0.984044;0.987362;0.990048;0.992208;0.993934;0.995305;0.996386;0.997234;0.997895;0.998406;0.9988;0.999102;0.999331;0.999504;0.999635;0.999732;0.999805;0.999858;0.999898;0.999927;0.999947;0.999963;0.999974;0.999981;0.999987;0.999991;0.999994;0.999996;0.999997;0.999998;0.999999;0;
1.94203;1;0.0689408;0.137361;0.204752;0.270629;0.334541;0.396079;0.454888;0.510668;0.56318;0.612248;0.657757;0.699654;0.737942;0.772676;0.803957;0.831924;0.856747;0.878624;0.897766;0.914397;0.928745;0.941038;0.951497;0.960335;0.967753;0.973936;0.979056;0.983267;0.986709;0.989503;0.991757;0.993563;0.995002;0.996141;0.997037;0.997737;0.998281;0.998702;0.999025;0.999271;0.999458;0.999599;0.999705;0.999784;0.999843;0.999886;0.999918;0.999941;0.999958;0.99997;0.999979;0.999985;0.99999;0.999993;0.999995;0.999997;0.999998;0.999999;0;
1.97101;1;0.0684273;0.136346;0.203258;0.268689;0.332197;0.393381;0.451892;0.507433;0.559767;0.608717;0.654169;0.696064;0.734402;0.769231;0.800645;0.828778;0.853792;0.875876;0.895238;0.912094;0.926667;0.939179;0.94985;0.958888;0.966492;0.972847;0.978123;0.982474;0.98604;0.988943;0.991292;0.99318;0.994688;0.995886;0.996831;0.997572;0.99815;0.998598;0.998943;0.999207;0.999409;0.999561;0.999676;0.999762;0.999826;0.999873;0.999908;0.999934;0.999953;0.999966;0.999976;0.999983;0.999988;0.999992;0.999994;0.999996;0.999998;0.999999;0;
2;1;0.0679251;0.135353;0.201796;0.266789;0.329901;0.390737;0.448953;0.504257;0.556413;0.605245;0.650636;0.692525;0.730907;0.765824;0.797366;0.825657;0.850854;0.873141;0.892716;0.909791;0.924584;0.937313;0.948192;0.957428;0.965217;0.971743;0.977174;0.981666;0.985357;0.98837;0.990814;0.992785;0.994364;0.995621;0.996617;0.9974;0.998013;0.998489;0.998857;0.99914;0.999356;0.999521;0.999645;0.999738;0.999808;0.99986;0.999898;0.999926;0.999947;0.999962;0.999973;0.999981;0.999987;0.999991;0.999994;0.999996;0.999998;0.999999;0;
