;0;0.1;0.2;0.3;0.4;0.5;0.6;0.7;0.8;0.9;1;1.1;1.2;1.3;1.4;1.5;1.6;1.7;1.8;1.9;2;2.1;2.2;2.3;2.4;2.5;2.6;2.7;2.8;2.9;3;3.1;3.2;3.3;3.4;3.5;3.6;3.7;3.8;3.9;
0;0;0.309008;0.58777;0.809001;0.951045;1;0.951074;0.809055;0.587845;0.309096;9.26536e-005;-0.30892;-0.587695;-0.808946;-0.951016;-1;-0.951102;-0.80911;-0.58792;-0.309184;-0.000185307;0.308832;0.58762;0.808892;0.950988;1;0.951131;0.809164;0.587995;0.309273;0.000277961;-0.308744;-0.587545;-0.808837;-0.950959;-1;-0.95116;-0.809218;-0.58807;0;
0.004;0;0.297047;0.565019;0.777687;0.914233;0.961293;0.91426;0.777739;0.565091;0.297132;8.90672e-005;-0.296963;-0.564947;-0.777634;-0.914205;-0.961293;-0.914288;-0.777791;-0.565164;-0.297217;-0.000178134;0.296878;0.564875;0.777582;0.914178;0.961293;0.914315;0.777844;0.565236;0.297301;0.000267202;-0.296793;-0.564803;-0.77753;-0.91415;-0.961293;-0.914343;-0.777896;-0.565308;0;
0.008;0;0.28555;0.543149;0.747585;0.878846;0.924084;0.878872;0.747635;0.543218;0.285631;8.56197e-005;-0.285468;-0.54308;-0.747534;-0.878819;-0.924084;-0.878899;-0.747685;-0.543288;-0.285712;-0.000171239;0.285387;0.543011;0.747484;0.878793;0.924084;0.878925;0.747736;0.543357;0.285794;0.000256859;-0.285305;-0.542941;-0.747434;-0.878766;-0.924084;-0.878951;-0.747786;-0.543426;0;
0.012;0;0.274497;0.522125;0.718648;0.844828;0.888316;0.844854;0.718696;0.522192;0.274575;8.23056e-005;-0.274418;-0.522059;-0.718599;-0.844803;-0.888316;-0.844879;-0.718745;-0.522259;-0.274653;-0.000164611;0.27434;0.521992;0.718551;0.844777;0.888316;0.844904;0.718793;0.522325;0.274732;0.000246917;-0.274262;-0.521926;-0.718503;-0.844752;-0.888315;-0.84493;-0.718841;-0.522392;0;
0.016;0;0.263872;0.501916;0.690831;0.812127;0.853931;0.812152;0.690878;0.50198;0.263947;7.91198e-005;-0.263797;-0.501851;-0.690785;-0.812103;-0.853931;-0.812176;-0.690924;-0.502044;-0.264022;-0.00015824;0.263721;0.501787;0.690738;0.812078;0.853931;0.812201;0.690971;0.502108;0.264098;0.000237359;-0.263646;-0.501723;-0.690692;-0.812054;-0.853931;-0.812225;-0.691017;-0.502172;0;
0.02;0;0.253658;0.482488;0.664091;0.780692;0.820878;0.780716;0.664136;0.482549;0.25373;7.60573e-005;-0.253586;-0.482426;-0.664046;-0.780669;-0.820878;-0.780739;-0.66418;-0.482611;-0.253803;-0.000152115;0.253513;0.482365;0.664002;0.780645;0.820878;0.780763;0.664225;0.482672;0.253875;0.000228172;-0.253441;-0.482303;-0.663957;-0.780622;-0.820878;-0.780786;-0.66427;-0.482734;0;
0.024;0;0.24384;0.463812;0.638386;0.750474;0.789104;0.750497;0.638429;0.463871;0.243909;7.31134e-005;-0.24377;-0.463753;-0.638343;-0.750451;-0.789104;-0.750519;-0.638472;-0.46393;-0.243979;-0.000146227;0.243701;0.463694;0.6383;0.750429;0.789104;0.750542;0.638515;0.46399;0.244048;0.00021934;-0.243631;-0.463635;-0.638257;-0.750406;-0.789104;-0.750564;-0.638558;-0.464049;0;
0.028;0;0.234401;0.445859;0.613676;0.721425;0.758561;0.721447;0.613717;0.445916;0.234468;7.02834e-005;-0.234335;-0.445802;-0.613635;-0.721404;-0.758561;-0.721469;-0.613759;-0.445973;-0.234535;-0.000140567;0.234268;0.445746;0.613593;0.721382;0.758561;0.72149;0.6138;0.44603;0.234602;0.00021085;-0.234201;-0.445689;-0.613552;-0.72136;-0.758561;-0.721512;-0.613841;-0.446087;0;
0.032;0;0.225328;0.428601;0.589922;0.693501;0.729199;0.693522;0.589962;0.428656;0.225393;6.75629e-005;-0.225264;-0.428547;-0.589883;-0.69348;-0.729199;-0.693543;-0.590002;-0.428711;-0.225457;-0.000135126;0.2252;0.428492;0.589843;0.693459;0.729199;0.693564;0.590042;0.428765;0.225521;0.000202689;-0.225136;-0.428437;-0.589803;-0.693438;-0.729199;-0.693585;-0.590081;-0.42882;0;
0.036;0;0.216607;0.412012;0.567088;0.666658;0.700974;0.666678;0.567126;0.412064;0.216668;6.49477e-005;-0.216545;-0.411959;-0.56705;-0.666638;-0.700974;-0.666698;-0.567165;-0.412117;-0.21673;-0.000129895;0.216483;0.411906;0.567012;0.666617;0.700974;0.666718;0.567203;0.412169;0.216792;0.000194843;-0.216421;-0.411854;-0.566974;-0.666597;-0.700974;-0.666738;-0.567241;-0.412222;0;
0.04;0;0.208222;0.396064;0.545138;0.640853;0.673841;0.640873;0.545175;0.396114;0.208282;6.24338e-005;-0.208163;-0.396013;-0.545101;-0.640834;-0.673841;-0.640892;-0.545211;-0.396165;-0.208341;-0.000124868;0.208104;0.395963;0.545065;0.640815;0.673841;0.640911;0.545248;0.396215;0.208401;0.000187301;-0.208044;-0.395912;-0.545028;-0.640795;-0.673841;-0.64093;-0.545285;-0.396266;0;
0.044;0;0.200163;0.380733;0.524037;0.616048;0.647759;0.616066;0.524073;0.380782;0.20022;6.00172e-005;-0.200106;-0.380685;-0.524002;-0.616029;-0.647759;-0.616085;-0.524108;-0.38083;-0.200277;-0.000120034;0.200049;0.380636;0.523967;0.616011;0.647759;0.616103;0.524143;0.380879;0.200334;0.000180052;-0.199992;-0.380588;-0.523931;-0.615992;-0.647759;-0.616122;-0.524178;-0.380928;0;
0.048;0;0.192415;0.365996;0.503753;0.592202;0.622686;0.59222;0.503787;0.366043;0.19247;5.76941e-005;-0.19236;-0.36595;-0.503719;-0.592185;-0.622686;-0.592238;-0.503821;-0.36609;-0.192525;-0.000115388;0.192305;0.365903;0.503685;0.592167;0.622686;0.592256;0.503855;0.366136;0.19258;0.000173082;-0.19225;-0.365856;-0.503652;-0.592149;-0.622686;-0.592274;-0.503889;-0.366183;0;
0.052;0;0.184967;0.35183;0.484254;0.56928;0.598584;0.569297;0.484287;0.351874;0.18502;5.54609e-005;-0.184914;-0.351785;-0.484222;-0.569263;-0.598584;-0.569314;-0.48432;-0.351919;-0.185073;-0.000110922;0.184862;0.35174;0.484189;0.569246;0.598584;0.569331;0.484352;0.351964;0.185125;0.000166383;-0.184809;-0.351695;-0.484157;-0.569228;-0.598584;-0.569348;-0.484385;-0.352009;0;
0.056;0;0.177808;0.338211;0.46551;0.547245;0.575414;0.547261;0.465542;0.338254;0.177858;5.33142e-005;-0.177757;-0.338168;-0.465479;-0.547228;-0.575414;-0.547278;-0.465573;-0.338298;-0.177909;-0.000106628;0.177706;0.338125;0.465448;0.547212;0.575414;0.547294;0.465604;0.338341;0.17796;0.000159943;-0.177656;-0.338082;-0.465416;-0.547195;-0.575414;-0.547311;-0.465636;-0.338384;0;
0.06;0;0.170925;0.32512;0.447492;0.526063;0.553142;0.526078;0.447522;0.325162;0.170974;5.12506e-005;-0.170877;-0.325079;-0.447462;-0.526047;-0.553142;-0.526094;-0.447552;-0.325203;-0.171023;-0.000102501;0.170828;0.325037;0.447432;0.526031;0.553142;0.52611;0.447582;0.325245;0.171071;0.000153752;-0.170779;-0.324996;-0.447401;-0.526015;-0.553142;-0.526126;-0.447612;-0.325286;0;
0.064;0;0.164309;0.312536;0.430171;0.5057;0.531731;0.505715;0.4302;0.312576;0.164356;4.92668e-005;-0.164262;-0.312496;-0.430142;-0.505685;-0.531731;-0.505731;-0.430229;-0.312615;-0.164403;-9.85336e-005;0.164216;0.312456;0.430113;0.50567;0.531731;0.505746;0.430258;0.312655;0.16445;0.0001478;-0.164169;-0.312416;-0.430084;-0.505655;-0.531731;-0.505761;-0.430287;-0.312695;0;
0.068;0;0.157949;0.300438;0.41352;0.486126;0.511149;0.486141;0.413548;0.300477;0.157994;4.73598e-005;-0.157904;-0.3004;-0.413492;-0.486111;-0.511149;-0.486155;-0.413576;-0.300515;-0.158039;-9.47196e-005;0.157859;0.300362;0.413464;0.486097;0.511149;0.48617;0.413604;0.300553;0.158084;0.000142079;-0.157814;-0.300323;-0.413437;-0.486082;-0.511149;-0.486185;-0.413631;-0.300592;0;
0.072;0;0.151836;0.288809;0.397514;0.46731;0.491364;0.467324;0.397541;0.288846;0.151879;4.55267e-005;-0.151792;-0.288772;-0.397487;-0.467295;-0.491364;-0.467338;-0.397568;-0.288883;-0.151922;-9.10533e-005;0.151749;0.288736;0.39746;0.467281;0.491364;0.467352;0.397594;0.28892;0.151965;0.00013658;-0.151706;-0.288699;-0.397434;-0.467267;-0.491364;-0.467366;-0.397621;-0.288957;0;
0.076;0;0.145958;0.27763;0.382127;0.449221;0.472345;0.449235;0.382153;0.277666;0.146;4.37645e-005;-0.145917;-0.277595;-0.382102;-0.449208;-0.472345;-0.449248;-0.382179;-0.277701;-0.146042;-8.75289e-005;0.145875;0.27756;0.382076;0.449194;0.472345;0.449262;0.382205;0.277737;0.146083;0.000131293;-0.145834;-0.277524;-0.38205;-0.449181;-0.472345;-0.449275;-0.38223;-0.277772;0;
0.08;0;0.140309;0.266884;0.367336;0.431833;0.454062;0.431846;0.367361;0.266918;0.140349;4.20705e-005;-0.140269;-0.26685;-0.367312;-0.43182;-0.454062;-0.431859;-0.367386;-0.266952;-0.140389;-8.41409e-005;0.140229;0.266816;0.367287;0.431807;0.454062;0.431872;0.367411;0.266986;0.140429;0.000126211;-0.140189;-0.266782;-0.367262;-0.431794;-0.454062;-0.431885;-0.367435;-0.26702;0;
0.084;0;0.134878;0.256554;0.353118;0.415118;0.436486;0.415131;0.353142;0.256586;0.134916;4.0442e-005;-0.134839;-0.256521;-0.353094;-0.415106;-0.436486;-0.415143;-0.353165;-0.256619;-0.134955;-8.08841e-005;0.134801;0.256488;0.35307;0.415093;0.436486;0.415156;0.353189;0.256652;0.134993;0.000121326;-0.134763;-0.256456;-0.353047;-0.415081;-0.436486;-0.415168;-0.353213;-0.256685;0;
0.088;0;0.129657;0.246623;0.33945;0.39905;0.419591;0.399062;0.339473;0.246655;0.129694;3.88766e-005;-0.12962;-0.246592;-0.339427;-0.399038;-0.419591;-0.399074;-0.339495;-0.246686;-0.129731;-7.77533e-005;0.129583;0.24656;0.339404;0.399026;0.419591;0.399086;0.339518;0.246718;0.129768;0.00011663;-0.129546;-0.246529;-0.339381;-0.399014;-0.419591;-0.399098;-0.339541;-0.246749;0;
0.092;0;0.124639;0.237077;0.326311;0.383604;0.40335;0.383616;0.326333;0.237108;0.124674;3.73718e-005;-0.124603;-0.237047;-0.326289;-0.383593;-0.40335;-0.383627;-0.326355;-0.237138;-0.12471;-7.47437e-005;0.124567;0.237017;0.326267;0.383581;0.40335;0.383639;0.326376;0.237168;0.124745;0.000112116;-0.124532;-0.236987;-0.326245;-0.38357;-0.40335;-0.38365;-0.326398;-0.237198;0;
0.096;0;0.119814;0.227901;0.31368;0.368756;0.387738;0.368767;0.313701;0.22793;0.119848;3.59253e-005;-0.11978;-0.227872;-0.313659;-0.368745;-0.387738;-0.368778;-0.313722;-0.227959;-0.119882;-7.18506e-005;0.119746;0.227843;0.313638;0.368734;0.387738;0.368789;0.313743;0.227988;0.119917;0.000107776;-0.119712;-0.227814;-0.313617;-0.368723;-0.387738;-0.3688;-0.313765;-0.228017;0;
0.1;0;0.115176;0.219079;0.301538;0.354483;0.37273;0.354493;0.301559;0.219107;0.115209;3.45347e-005;-0.115144;-0.219051;-0.301518;-0.354472;-0.37273;-0.354504;-0.301579;-0.219135;-0.115242;-6.90695e-005;0.115111;0.219023;0.301498;0.354461;0.37273;0.354515;0.301599;0.219163;0.115275;0.000103604;-0.115078;-0.218996;-0.301478;-0.354451;-0.37273;-0.354525;-0.30162;-0.219191;0;
0.104;0;0.110718;0.210599;0.289867;0.340762;0.358302;0.340772;0.289886;0.210626;0.11075;3.3198e-005;-0.110687;-0.210573;-0.289847;-0.340751;-0.358302;-0.340782;-0.289906;-0.210653;-0.110781;-6.6396e-005;0.110655;0.210546;0.289828;0.340741;0.358302;0.340792;0.289925;0.21068;0.110813;9.9594e-005;-0.110624;-0.210519;-0.289808;-0.340731;-0.358302;-0.340803;-0.289945;-0.210707;0;
0.108;0;0.106433;0.202448;0.278647;0.327572;0.344433;0.327582;0.278666;0.202474;0.106463;3.1913e-005;-0.106402;-0.202422;-0.278628;-0.327562;-0.344433;-0.327591;-0.278684;-0.202499;-0.106493;-6.3826e-005;0.106372;0.202396;0.278609;0.327552;0.344433;0.327601;0.278703;0.202525;0.106524;9.5739e-005;-0.106342;-0.20237;-0.278591;-0.327542;-0.344433;-0.327611;-0.278722;-0.202551;0;
0.112;0;0.102313;0.194612;0.267861;0.314892;0.331101;0.314902;0.267879;0.194636;0.102342;3.06777e-005;-0.102284;-0.194587;-0.267843;-0.314883;-0.331101;-0.314911;-0.267897;-0.194661;-0.102371;-6.13555e-005;0.102255;0.194562;0.267825;0.314873;0.331101;0.314921;0.267915;0.194686;0.102401;9.20332e-005;-0.102226;-0.194537;-0.267807;-0.314864;-0.331101;-0.31493;-0.267933;-0.194711;0;
0.116;0;0.0983528;0.187079;0.257493;0.302704;0.318285;0.302713;0.25751;0.187103;0.0983809;2.94903e-005;-0.0983248;-0.187055;-0.257476;-0.302695;-0.318285;-0.302722;-0.257528;-0.187126;-0.0984089;-5.89806e-005;0.0982967;0.187031;0.257458;0.302686;0.318285;0.302731;0.257545;0.18715;0.098437;8.84709e-005;-0.0982687;-0.187007;-0.257441;-0.302676;-0.318285;-0.30274;-0.257562;-0.187174;0;
0.12;0;0.0945459;0.179837;0.247526;0.290987;0.305966;0.290996;0.247543;0.17986;0.0945728;2.83488e-005;-0.0945189;-0.179815;-0.24751;-0.290978;-0.305966;-0.291005;-0.24756;-0.179883;-0.0945998;-5.66976e-005;0.0944919;0.179792;0.247493;0.29097;0.305966;0.291013;0.247576;0.179906;0.0946267;8.50464e-005;-0.094465;-0.179769;-0.247476;-0.290961;-0.305966;-0.291022;-0.247593;-0.179929;0;
0.124;0;0.0908863;0.172876;0.237945;0.279724;0.294123;0.279732;0.237961;0.172899;0.0909122;2.72515e-005;-0.0908604;-0.172854;-0.237929;-0.279715;-0.294123;-0.279741;-0.237977;-0.172921;-0.0909381;-5.4503e-005;0.0908344;0.172832;0.237913;0.279707;0.294123;0.279749;0.237993;0.172943;0.090964;8.17545e-005;-0.0908085;-0.17281;-0.237897;-0.279699;-0.294123;-0.279757;-0.238009;-0.172965;0;
0.128;0;0.0873683;0.166185;0.228735;0.268897;0.282738;0.268905;0.228751;0.166206;0.0873932;2.61967e-005;-0.0873434;-0.166164;-0.22872;-0.268888;-0.282738;-0.268913;-0.228766;-0.166227;-0.0874182;-5.23934e-005;0.0873185;0.166143;0.228704;0.26888;0.282738;0.268921;0.228781;0.166249;0.0874431;7.85901e-005;-0.0872936;-0.166121;-0.228689;-0.268872;-0.282738;-0.268929;-0.228797;-0.16627;0;
0.132;0;0.0839866;0.159752;0.219882;0.258488;0.271794;0.258496;0.219896;0.159773;0.0840105;2.51827e-005;-0.0839626;-0.159732;-0.219867;-0.258481;-0.271794;-0.258504;-0.219911;-0.159793;-0.0840345;-5.03654e-005;0.0839387;0.159712;0.219852;0.258473;0.271794;0.258512;0.219926;0.159814;0.0840584;7.55481e-005;-0.0839147;-0.159691;-0.219837;-0.258465;-0.271794;-0.258519;-0.219941;-0.159834;0;
0.136;0;0.0807357;0.153569;0.211371;0.248483;0.261274;0.24849;0.211385;0.153588;0.0807587;2.42079e-005;-0.0807127;-0.153549;-0.211356;-0.248476;-0.261274;-0.248498;-0.211399;-0.153608;-0.0807817;-4.84159e-005;0.0806896;0.15353;0.211342;0.248468;0.261274;0.248505;0.211413;0.153628;0.0808048;7.26238e-005;-0.0806666;-0.15351;-0.211328;-0.248461;-0.261274;-0.248513;-0.211427;-0.153647;0;
0.14;0;0.0776106;0.147625;0.203189;0.238865;0.25116;0.238872;0.203203;0.147643;0.0776328;2.32709e-005;-0.0775885;-0.147606;-0.203175;-0.238858;-0.25116;-0.238879;-0.203216;-0.147662;-0.0776549;-4.65418e-005;0.0775664;0.147587;0.203162;0.238851;0.25116;0.238887;0.20323;0.147681;0.077677;6.98128e-005;-0.0775442;-0.147568;-0.203148;-0.238843;-0.25116;-0.238894;-0.203244;-0.1477;0;
0.144;0;0.0746066;0.141911;0.195324;0.229619;0.241439;0.229626;0.195337;0.141929;0.0746278;2.23702e-005;-0.0745853;-0.141892;-0.195311;-0.229612;-0.241439;-0.229633;-0.19535;-0.141947;-0.0746491;-4.47403e-005;0.074564;0.141874;0.195298;0.229605;0.241439;0.22964;0.195364;0.141965;0.0746704;6.71105e-005;-0.0745427;-0.141856;-0.195285;-0.229598;-0.241439;-0.229647;-0.195377;-0.141983;0;
0.148;0;0.0717188;0.136418;0.187764;0.220731;0.232093;0.220738;0.187776;0.136435;0.0717392;2.15043e-005;-0.0716983;-0.1364;-0.187751;-0.220725;-0.232093;-0.220745;-0.187789;-0.136452;-0.0717597;-4.30086e-005;0.0716779;0.136383;0.187738;0.220718;0.232093;0.220751;0.187802;0.13647;0.0717801;6.45129e-005;-0.0716574;-0.136365;-0.187726;-0.220711;-0.232093;-0.220758;-0.187814;-0.136487;0;
0.152;0;0.0689427;0.131137;0.180496;0.212187;0.22311;0.212194;0.180508;0.131154;0.0689624;2.06719e-005;-0.0689231;-0.131121;-0.180484;-0.212181;-0.22311;-0.2122;-0.18052;-0.131171;-0.0689821;-4.13438e-005;0.0689034;0.131104;0.180472;0.212175;0.22311;0.212207;0.180532;0.131187;0.0690017;6.20158e-005;-0.0688838;-0.131087;-0.180459;-0.212168;-0.22311;-0.212213;-0.180545;-0.131204;0;
0.156;0;0.0662742;0.126061;0.173509;0.203974;0.214474;0.20398;0.173521;0.126077;0.0662931;1.98718e-005;-0.0662553;-0.126045;-0.173498;-0.203968;-0.214474;-0.203987;-0.173533;-0.126094;-0.066312;-3.97435e-005;0.0662364;0.126029;0.173486;0.203962;0.214474;0.203993;0.173545;0.12611;0.0663309;5.96153e-005;-0.0662175;-0.126013;-0.173474;-0.203956;-0.214474;-0.203999;-0.173556;-0.126126;0;
0.16;0;0.0637089;0.121182;0.166793;0.196079;0.206172;0.196085;0.166805;0.121197;0.0637271;1.91026e-005;-0.0636907;-0.121166;-0.166782;-0.196073;-0.206172;-0.196091;-0.166816;-0.121213;-0.0637452;-3.82052e-005;0.0636726;0.121151;0.166771;0.196067;0.206172;0.196097;0.166827;0.121228;0.0637634;5.73078e-005;-0.0636544;-0.121136;-0.16676;-0.196061;-0.206172;-0.196103;-0.166838;-0.121244;0;
0.164;0;0.0612429;0.116491;0.160337;0.188489;0.198192;0.188495;0.160348;0.116506;0.0612604;1.83632e-005;-0.0612254;-0.116476;-0.160327;-0.188484;-0.198192;-0.188501;-0.160359;-0.116521;-0.0612778;-3.67264e-005;0.061208;0.116462;0.160316;0.188478;0.198192;0.188506;0.16037;0.116536;0.0612953;5.50896e-005;-0.0611905;-0.116447;-0.160305;-0.188472;-0.198192;-0.188512;-0.160381;-0.116551;0;
0.168;0;0.0588724;0.111982;0.154131;0.181194;0.19052;0.181199;0.154142;0.111997;0.0588892;1.76524e-005;-0.0588556;-0.111968;-0.154121;-0.181188;-0.19052;-0.181204;-0.154152;-0.112011;-0.058906;-3.53048e-005;0.0588388;0.111954;0.15411;0.181183;0.19052;0.18121;0.154162;0.112025;0.0589227;5.29572e-005;-0.058822;-0.111939;-0.1541;-0.181177;-0.19052;-0.181215;-0.154173;-0.112039;0;
0.172;0;0.0565936;0.107648;0.148165;0.17418;0.183146;0.174185;0.148175;0.107661;0.0566097;1.69691e-005;-0.0565775;-0.107634;-0.148155;-0.174175;-0.183146;-0.174191;-0.148185;-0.107675;-0.0566259;-3.39383e-005;0.0565613;0.10762;0.148145;0.17417;0.183146;0.174196;0.148195;0.107689;0.056642;5.09074e-005;-0.0565452;-0.107607;-0.148135;-0.174164;-0.183146;-0.174201;-0.148205;-0.107703;0;
0.176;0;0.054403;0.103481;0.14243;0.167438;0.176057;0.167443;0.14244;0.103494;0.0544185;1.63123e-005;-0.0543875;-0.103468;-0.142421;-0.167433;-0.176057;-0.167448;-0.142449;-0.103507;-0.0544341;-3.26246e-005;0.054372;0.103455;0.142411;0.167428;0.176057;0.167453;0.142459;0.103521;0.0544496;4.89369e-005;-0.0543565;-0.103441;-0.142401;-0.167423;-0.176057;-0.167458;-0.142469;-0.103534;0;
0.18;0;0.0522972;0.0994756;0.136917;0.160957;0.169242;0.160962;0.136926;0.0994883;0.0523122;1.56809e-005;-0.0522823;-0.0994629;-0.136908;-0.160952;-0.169242;-0.160967;-0.136936;-0.0995009;-0.0523271;-3.13618e-005;0.0522674;0.0994502;0.136899;0.160947;0.169242;0.160972;0.136945;0.0995136;0.052342;4.70427e-005;-0.0522525;-0.0994375;-0.136889;-0.160942;-0.169242;-0.160976;-0.136954;-0.0995263;0;
0.184;0;0.050273;0.0956252;0.131617;0.154727;0.162691;0.154732;0.131626;0.0956374;0.0502873;1.50739e-005;-0.0502586;-0.095613;-0.131609;-0.154722;-0.162691;-0.154736;-0.131635;-0.0956496;-0.0503016;-3.01479e-005;0.0502443;0.0956008;0.1316;0.154718;0.162691;0.154741;0.131644;0.0956618;0.050316;4.52218e-005;-0.05023;-0.0955886;-0.131591;-0.154713;-0.162691;-0.154745;-0.131653;-0.0956739;0;
0.188;0;0.0483271;0.0919238;0.126523;0.148738;0.156394;0.148742;0.126531;0.0919355;0.0483408;1.44905e-005;-0.0483133;-0.0919121;-0.126514;-0.148733;-0.156394;-0.148747;-0.12654;-0.0919472;-0.0483546;-2.89809e-005;0.0482995;0.0919004;0.126506;0.148729;0.156394;0.148751;0.126548;0.091959;0.0483684;4.34714e-005;-0.0482857;-0.0918886;-0.126497;-0.148724;-0.156394;-0.148756;-0.126557;-0.0919707;0;
0.192;0;0.0464565;0.0883657;0.121626;0.142981;0.150341;0.142985;0.121634;0.088377;0.0464697;1.39296e-005;-0.0464432;-0.0883544;-0.121617;-0.142976;-0.150341;-0.142989;-0.121642;-0.0883882;-0.046483;-2.78592e-005;0.04643;0.0883432;0.121609;0.142972;0.150341;0.142994;0.12165;0.0883995;0.0464962;4.17888e-005;-0.0464167;-0.0883319;-0.121601;-0.142968;-0.150341;-0.142998;-0.121658;-0.0884108;0;
0.196;0;0.0446583;0.0849453;0.116918;0.137446;0.144521;0.13745;0.116926;0.0849562;0.044671;1.33904e-005;-0.0446455;-0.0849345;-0.11691;-0.137442;-0.144521;-0.137455;-0.116934;-0.084967;-0.0446837;-2.67808e-005;0.0446328;0.0849237;0.116902;0.137438;0.144521;0.137459;0.116941;0.0849778;0.0446965;4.01713e-005;-0.0446201;-0.0849128;-0.116894;-0.137434;-0.144521;-0.137463;-0.116949;-0.0849887;0;
0.2;0;0.0429297;0.0816573;0.112392;0.132126;0.138927;0.13213;0.1124;0.0816678;0.0429419;1.28721e-005;-0.0429174;-0.0816469;-0.112385;-0.132122;-0.138927;-0.132134;-0.112407;-0.0816782;-0.0429542;-2.57442e-005;0.0429052;0.0816365;0.112377;0.132118;0.138927;0.132138;0.112415;0.0816886;0.0429664;3.86163e-005;-0.0428929;-0.0816261;-0.11237;-0.132114;-0.138927;-0.132142;-0.112423;-0.081699;0;
0.204;0;0.041268;0.0784966;0.108042;0.127012;0.13355;0.127016;0.108049;0.0785066;0.0412798;1.23739e-005;-0.0412562;-0.0784866;-0.108035;-0.127008;-0.13355;-0.12702;-0.108056;-0.0785166;-0.0412915;-2.47477e-005;0.0412445;0.0784766;0.108027;0.127004;0.13355;0.127023;0.108064;0.0785267;0.0413033;3.71216e-005;-0.0412327;-0.0784666;-0.10802;-0.127;-0.13355;-0.127027;-0.108071;-0.0785367;0;
0.208;0;0.0396706;0.0754583;0.10386;0.122096;0.128381;0.122099;0.103867;0.0754679;0.0396819;1.18949e-005;-0.0396593;-0.0754486;-0.103853;-0.122092;-0.128381;-0.122103;-0.103874;-0.0754775;-0.0396933;-2.37898e-005;0.039648;0.075439;0.103846;0.122088;0.128381;0.122107;0.103881;0.0754871;0.0397046;3.56847e-005;-0.0396367;-0.0754294;-0.103839;-0.122085;-0.128381;-0.12211;-0.103888;-0.0754967;0;
0.212;0;0.0381351;0.0725375;0.0998398;0.11737;0.123411;0.117373;0.0998465;0.0725467;0.038146;1.14345e-005;-0.0381242;-0.0725282;-0.0998331;-0.117366;-0.123411;-0.117377;-0.0998533;-0.072556;-0.0381568;-2.2869e-005;0.0381133;0.072519;0.0998264;0.117363;0.123411;0.11738;0.09986;0.0725652;0.0381677;3.43035e-005;-0.0381025;-0.0725097;-0.0998196;-0.117359;-0.123411;-0.117384;-0.0998667;-0.0725745;0;
0.216;0;0.036659;0.0697298;0.0959753;0.112827;0.118634;0.11283;0.0959818;0.0697387;0.0366695;1.09919e-005;-0.0366485;-0.0697209;-0.0959688;-0.112823;-0.118634;-0.112833;-0.0959882;-0.0697476;-0.0366799;-2.19838e-005;0.0366381;0.069712;0.0959624;0.11282;0.118634;0.112837;0.0959947;0.0697564;0.0366904;3.29757e-005;-0.0366276;-0.0697031;-0.0959559;-0.112816;-0.118634;-0.11284;-0.0960011;-0.0697653;0;
0.22;0;0.03524;0.0670307;0.0922604;0.108459;0.114042;0.108463;0.0922666;0.0670393;0.0352501;1.05664e-005;-0.03523;-0.0670222;-0.0922542;-0.108456;-0.114042;-0.108466;-0.0922728;-0.0670478;-0.0352601;-2.11329e-005;0.0352199;0.0670136;0.092248;0.108453;0.114042;0.108469;0.092279;0.0670564;0.0352702;3.16993e-005;-0.0352099;-0.0670051;-0.0922417;-0.10845;-0.114042;-0.108473;-0.0922852;-0.0670649;0;
0.224;0;0.033876;0.0644362;0.0886893;0.104261;0.109628;0.104264;0.0886952;0.0644444;0.0338857;1.01574e-005;-0.0338663;-0.064428;-0.0886833;-0.104258;-0.109628;-0.104268;-0.0887012;-0.0644526;-0.0338953;-2.03149e-005;0.0338567;0.0644197;0.0886773;0.104255;0.109628;0.104271;0.0887072;0.0644608;0.033905;3.04723e-005;-0.033847;-0.0644115;-0.0886713;-0.104252;-0.109628;-0.104274;-0.0887131;-0.064469;0;
0.228;0;0.0325648;0.061942;0.0852564;0.100226;0.105385;0.100229;0.0852621;0.0619499;0.032574;9.76428e-006;-0.0325555;-0.0619341;-0.0852506;-0.100223;-0.105385;-0.100232;-0.0852678;-0.0619578;-0.0325833;-1.95286e-005;0.0325462;0.0619262;0.0852449;0.10022;0.105385;0.100235;0.0852736;0.0619657;0.0325926;2.92928e-005;-0.0325369;-0.0619183;-0.0852391;-0.100217;-0.105385;-0.100238;-0.0852793;-0.0619736;0;
0.232;0;0.0313043;0.0595444;0.0819563;0.0963462;0.101306;0.0963491;0.0819618;0.059552;0.0313132;9.38633e-006;-0.0312953;-0.0595369;-0.0819508;-0.0963433;-0.101306;-0.096352;-0.0819674;-0.0595596;-0.0313221;-1.87727e-005;0.0312864;0.0595293;0.0819453;0.0963404;0.101306;0.0963549;0.0819729;0.0595672;0.0313311;2.8159e-005;-0.0312775;-0.0595217;-0.0819398;-0.0963375;-0.101306;-0.0963578;-0.0819784;-0.0595748;0;
0.236;0;0.0300926;0.0572397;0.078784;0.092617;0.0973844;0.0926197;0.0787893;0.057247;0.0301012;9.02301e-006;-0.030084;-0.0572324;-0.0787787;-0.0926142;-0.0973844;-0.0926225;-0.0787946;-0.0572543;-0.0301097;-1.8046e-005;0.0300754;0.0572251;0.0787734;0.0926114;0.0973844;0.0926253;0.0788;0.0572616;0.0301183;2.7069e-005;-0.0300668;-0.0572178;-0.0787681;-0.0926086;-0.0973844;-0.0926281;-0.0788053;-0.0572688;0;
0.24;0;0.0289278;0.0550241;0.0757345;0.089032;0.0936149;0.0890347;0.0757396;0.0550311;0.028936;8.67376e-006;-0.0289195;-0.0550171;-0.0757294;-0.0890293;-0.0936149;-0.0890374;-0.0757447;-0.0550381;-0.0289443;-1.73475e-005;0.0289113;0.05501;0.0757243;0.0890267;0.0936149;0.0890401;0.0757498;0.0550451;0.0289525;2.60213e-005;-0.028903;-0.055003;-0.0757192;-0.089024;-0.0936149;-0.0890427;-0.0757549;-0.0550521;0;
0.244;0;0.0278081;0.0528943;0.0728031;0.0855859;0.0899914;0.0855884;0.072808;0.052901;0.027816;8.33802e-006;-0.0278001;-0.0528875;-0.0727982;-0.0855833;-0.0899914;-0.085591;-0.0728129;-0.0529077;-0.0278239;-1.6676e-005;0.0277922;0.0528808;0.0727933;0.0855807;0.0899914;0.0855936;0.0728178;0.0529145;0.0278319;2.50141e-005;-0.0277843;-0.052874;-0.0727884;-0.0855781;-0.0899914;-0.0855962;-0.0728227;-0.0529212;0;
0.248;0;0.0267317;0.0508469;0.0699851;0.0822731;0.0865081;0.0822756;0.0699898;0.0508534;0.0267393;8.01528e-006;-0.0267241;-0.0508404;-0.0699804;-0.0822706;-0.0865081;-0.082278;-0.0699945;-0.0508598;-0.0267469;-1.60306e-005;0.0267165;0.0508339;0.0699757;0.0822681;0.0865081;0.0822805;0.0699992;0.0508663;0.0267546;2.40459e-005;-0.0267088;-0.0508274;-0.069971;-0.0822656;-0.0865081;-0.082283;-0.0700039;-0.0508728;0;
0.252;0;0.025697;0.0488787;0.0672762;0.0790885;0.0831596;0.0790909;0.0672807;0.048885;0.0257043;7.70504e-006;-0.0256897;-0.0488725;-0.0672716;-0.0790861;-0.0831596;-0.0790933;-0.0672852;-0.0488912;-0.0257117;-1.54101e-005;0.0256823;0.0488663;0.0672671;0.0790838;0.0831596;0.0790957;0.0672898;0.0488974;0.025719;2.31151e-005;-0.025675;-0.04886;-0.0672626;-0.0790814;-0.0831596;-0.079098;-0.0672943;-0.0489037;0;
0.256;0;0.0247023;0.0469868;0.0646721;0.0760272;0.0799407;0.0760295;0.0646765;0.0469928;0.0247094;7.4068e-006;-0.0246953;-0.0469808;-0.0646678;-0.076025;-0.0799407;-0.0760318;-0.0646808;-0.0469988;-0.0247164;-1.48136e-005;0.0246883;0.0469748;0.0646634;0.0760227;0.0799407;0.0760341;0.0646852;0.0470048;0.0247235;2.22204e-005;-0.0246812;-0.0469688;-0.064659;-0.0760204;-0.0799407;-0.0760364;-0.0646895;-0.0470108;0;
0.26;0;0.0237462;0.0451681;0.0621688;0.0730845;0.0768465;0.0730867;0.062173;0.0451738;0.023753;7.1201e-006;-0.0237394;-0.0451623;-0.0621647;-0.0730823;-0.0768465;-0.0730889;-0.0621772;-0.0451796;-0.0237597;-1.42402e-005;0.0237326;0.0451565;0.0621605;0.0730801;0.0768465;0.0730911;0.0621814;0.0451853;0.0237665;2.13603e-005;-0.0237259;-0.0451508;-0.0621563;-0.0730778;-0.0768465;-0.0730932;-0.0621856;-0.0451911;0;
0.264;0;0.022827;0.0434197;0.0597625;0.0702556;0.073872;0.0702577;0.0597665;0.0434253;0.0228336;6.8445e-006;-0.0228205;-0.0434142;-0.0597584;-0.0702535;-0.073872;-0.0702598;-0.0597705;-0.0434308;-0.0228401;-1.3689e-005;0.022814;0.0434087;0.0597544;0.0702513;0.073872;0.0702619;0.0597745;0.0434364;0.0228466;2.05335e-005;-0.0228075;-0.0434031;-0.0597504;-0.0702492;-0.073872;-0.070264;-0.0597786;-0.0434419;0;
0.268;0;0.0219435;0.0417391;0.0574492;0.0675362;0.0710126;0.0675382;0.0574531;0.0417444;0.0219497;6.57957e-006;-0.0219372;-0.0417338;-0.0574454;-0.0675341;-0.0710126;-0.0675402;-0.057457;-0.0417497;-0.021956;-1.31591e-005;0.021931;0.0417284;0.0574415;0.0675321;0.0710126;0.0675423;0.0574608;0.0417551;0.0219622;1.97387e-005;-0.0219247;-0.0417231;-0.0574376;-0.0675301;-0.0710126;-0.0675443;-0.0574647;-0.0417604;0;
0.272;0;0.0210941;0.0401235;0.0552255;0.0649221;0.0682639;0.064924;0.0552293;0.0401286;0.0211001;6.3249e-006;-0.0210881;-0.0401184;-0.0552218;-0.0649201;-0.0682639;-0.064926;-0.055233;-0.0401337;-0.0211061;-1.26498e-005;0.0210821;0.0401133;0.0552181;0.0649181;0.0682639;0.0649279;0.0552367;0.0401388;0.0211122;1.89747e-005;-0.0210761;-0.0401081;-0.0552144;-0.0649162;-0.0682639;-0.0649299;-0.0552404;-0.040144;0;
0.276;0;0.0202776;0.0385704;0.0530879;0.0624091;0.0656216;0.062411;0.0530915;0.0385754;0.0202834;6.08008e-006;-0.0202718;-0.0385655;-0.0530844;-0.0624072;-0.0656216;-0.0624129;-0.0530951;-0.0385803;-0.0202892;-1.21602e-005;0.0202661;0.0385606;0.0530808;0.0624054;0.0656216;0.0624147;0.0530986;0.0385852;0.020295;1.82402e-005;-0.0202603;-0.0385557;-0.0530772;-0.0624035;-0.0656216;-0.0624166;-0.0531022;-0.0385901;0;
0.28;0;0.0194927;0.0370775;0.0510331;0.0599934;0.0630816;0.0599952;0.0510365;0.0370822;0.0194983;5.84474e-006;-0.0194872;-0.0370728;-0.0510296;-0.0599916;-0.0630816;-0.0599971;-0.0510399;-0.0370869;-0.0195038;-1.16895e-005;0.0194816;0.037068;0.0510262;0.0599898;0.0630816;0.0599989;0.0510434;0.0370917;0.0195094;1.75342e-005;-0.0194761;-0.0370633;-0.0510227;-0.059988;-0.0630816;-0.0600007;-0.0510468;-0.0370964;0;
0.284;0;0.0187382;0.0356423;0.0490577;0.0576713;0.0606399;0.057673;0.049061;0.0356469;0.0187436;5.6185e-006;-0.0187329;-0.0356378;-0.0490544;-0.0576695;-0.0606399;-0.0576747;-0.0490643;-0.0356514;-0.0187489;-1.1237e-005;0.0187275;0.0356332;0.0490511;0.0576678;0.0606399;0.0576765;0.0490676;0.035656;0.0187543;1.68555e-005;-0.0187222;-0.0356287;-0.0490478;-0.0576661;-0.0606399;-0.0576782;-0.0490709;-0.0356605;0;
0.288;0;0.0180129;0.0342627;0.0471588;0.055439;0.0582927;0.0554407;0.047162;0.0342671;0.0180181;5.40103e-006;-0.0180078;-0.0342583;-0.0471557;-0.0554373;-0.0582927;-0.0554423;-0.0471652;-0.0342715;-0.0180232;-1.08021e-005;0.0180026;0.034254;0.0471525;0.0554356;0.0582927;0.055444;0.0471684;0.0342758;0.0180283;1.62031e-005;-0.0179975;-0.0342496;-0.0471493;-0.055434;-0.0582927;-0.0554457;-0.0471715;-0.0342802;0;
0.292;0;0.0173157;0.0329365;0.0453335;0.0532931;0.0560364;0.0532947;0.0453365;0.0329407;0.0173206;5.19197e-006;-0.0173108;-0.0329323;-0.0453304;-0.0532915;-0.0560364;-0.0532963;-0.0453396;-0.0329449;-0.0173256;-1.03839e-005;0.0173058;0.0329281;0.0453273;0.0532899;0.0560364;0.0532979;0.0453426;0.0329491;0.0173305;1.55759e-005;-0.0173009;-0.0329239;-0.0453243;-0.0532883;-0.0560364;-0.0532995;-0.0453457;-0.0329533;0;
0.296;0;0.0166455;0.0316616;0.0435787;0.0512303;0.0538674;0.0512318;0.0435817;0.0316657;0.0166502;4.991e-006;-0.0166407;-0.0316576;-0.0435758;-0.0512287;-0.0538674;-0.0512334;-0.0435846;-0.0316697;-0.0166549;-9.98201e-006;0.016636;0.0316536;0.0435729;0.0512272;0.0538674;0.0512349;0.0435875;0.0316737;0.0166597;1.4973e-005;-0.0166312;-0.0316495;-0.0435699;-0.0512257;-0.0538674;-0.0512365;-0.0435905;-0.0316778;0;
0.3;0;0.0160012;0.0304361;0.0418919;0.0492473;0.0517823;0.0492488;0.0418947;0.03044;0.0160057;4.79782e-006;-0.0159966;-0.0304322;-0.0418891;-0.0492458;-0.0517823;-0.0492503;-0.0418976;-0.0304439;-0.0160103;-9.59563e-006;0.015992;0.0304283;0.0418863;0.0492443;0.0517823;0.0492518;0.0419004;0.0304477;0.0160148;1.43935e-005;-0.0159875;-0.0304245;-0.0418835;-0.0492429;-0.0517823;-0.0492532;-0.0419032;-0.0304516;0;
0.304;0;0.0153818;0.029258;0.0402704;0.0473411;0.049778;0.0473425;0.0402731;0.0292617;0.0153862;4.61211e-006;-0.0153774;-0.0292543;-0.0402677;-0.0473397;-0.049778;-0.0473439;-0.0402758;-0.0292655;-0.0153906;-9.22422e-006;0.015373;0.0292505;0.040265;0.0473382;0.049778;0.0473454;0.0402785;0.0292692;0.015395;1.38363e-005;-0.0153686;-0.0292468;-0.0402623;-0.0473368;-0.049778;-0.0473468;-0.0402813;-0.0292729;0;
0.308;0;0.0147864;0.0281255;0.0387117;0.0455087;0.0478512;0.04551;0.0387143;0.0281291;0.0147906;4.43359e-006;-0.0147822;-0.0281219;-0.0387091;-0.0455073;-0.0478512;-0.0455114;-0.0387169;-0.0281327;-0.0147948;-8.86717e-006;0.014778;0.0281183;0.0387064;0.0455059;0.0478512;0.0455128;0.0387195;0.0281363;0.0147991;1.33008e-005;-0.0147738;-0.0281148;-0.0387038;-0.0455045;-0.0478512;-0.0455141;-0.0387221;-0.0281399;0;
0.312;0;0.0142141;0.0270369;0.0372132;0.0437472;0.045999;0.0437485;0.0372158;0.0270403;0.0142181;4.26198e-006;-0.01421;-0.0270334;-0.0372107;-0.0437458;-0.045999;-0.0437498;-0.0372183;-0.0270438;-0.0142222;-8.52395e-006;0.014206;0.02703;0.0372082;0.0437445;0.045999;0.0437511;0.0372208;0.0270472;0.0142262;1.27859e-005;-0.0142019;-0.0270265;-0.0372057;-0.0437432;-0.045999;-0.0437524;-0.0372233;-0.0270507;0;
0.316;0;0.0136639;0.0259903;0.0357728;0.0420538;0.0442185;0.0420551;0.0357752;0.0259937;0.0136678;4.09701e-006;-0.01366;-0.025987;-0.0357704;-0.0420526;-0.0442185;-0.0420564;-0.0357776;-0.025997;-0.0136717;-8.19401e-006;0.0136561;0.0259837;0.035768;0.0420513;0.0442185;0.0420576;0.0357801;0.0260003;0.0136756;1.2291e-005;-0.0136522;-0.0259804;-0.0357656;-0.04205;-0.0442185;-0.0420589;-0.0357825;-0.0260036;0;
0.32;0;0.013135;0.0249843;0.0343882;0.040426;0.042507;0.0404273;0.0343905;0.0249875;0.0131387;3.93842e-006;-0.0131313;-0.0249811;-0.0343859;-0.0404248;-0.042507;-0.0404285;-0.0343928;-0.0249907;-0.0131425;-7.87685e-006;0.0131275;0.024978;0.0343835;0.0404236;0.042507;0.0404297;0.0343951;0.0249939;0.0131462;1.18153e-005;-0.0131238;-0.0249748;-0.0343812;-0.0404224;-0.042507;-0.0404309;-0.0343974;-0.0249971;0;
0.324;0;0.0126266;0.0240173;0.0330571;0.0388613;0.0408617;0.0388624;0.0330593;0.0240203;0.0126302;3.78598e-006;-0.012623;-0.0240142;-0.0330549;-0.0388601;-0.0408617;-0.0388636;-0.0330616;-0.0240234;-0.0126338;-7.57196e-006;0.0126194;0.0240111;0.0330527;0.0388589;0.0408617;0.0388648;0.0330638;0.0240265;0.0126374;1.13579e-005;-0.0126158;-0.0240081;-0.0330504;-0.0388578;-0.0408617;-0.038866;-0.033066;-0.0240295;0;
0.328;0;0.0121378;0.0230876;0.0317776;0.0373571;0.03928;0.0373582;0.0317797;0.0230906;0.0121413;3.63943e-006;-0.0121344;-0.0230847;-0.0317754;-0.0373559;-0.03928;-0.0373593;-0.0317818;-0.0230935;-0.0121448;-7.27887e-006;0.0121309;0.0230817;0.0317733;0.0373548;0.03928;0.0373604;0.031784;0.0230965;0.0121482;1.09183e-005;-0.0121275;-0.0230788;-0.0317711;-0.0373537;-0.03928;-0.0373616;-0.0317861;-0.0230994;0;
0.332;0;0.011668;0.022194;0.0305475;0.0359111;0.0377596;0.0359122;0.0305496;0.0221968;0.0116714;3.49856e-006;-0.0116647;-0.0221911;-0.0305455;-0.03591;-0.0377596;-0.0359132;-0.0305517;-0.0221996;-0.0116747;-6.99713e-006;0.0116614;0.0221883;0.0305434;0.0359089;0.0377596;0.0359143;0.0305537;0.0222025;0.011678;1.04957e-005;-0.011658;-0.0221855;-0.0305414;-0.0359078;-0.0377596;-0.0359154;-0.0305558;-0.0222053;0;
0.336;0;0.0112164;0.0213349;0.0293651;0.0345211;0.036298;0.0345221;0.0293671;0.0213376;0.0112196;3.36314e-006;-0.0112132;-0.0213322;-0.0293632;-0.03452;-0.036298;-0.0345232;-0.0293691;-0.0213404;-0.0112228;-6.72629e-006;0.01121;0.0213295;0.0293612;0.034519;0.036298;0.0345242;0.0293711;0.0213431;0.011226;1.00894e-005;-0.0112068;-0.0213267;-0.0293592;-0.034518;-0.036298;-0.0345252;-0.029373;-0.0213458;0;
0.34;0;0.0107822;0.0205091;0.0282285;0.0331849;0.0348931;0.0331859;0.0282304;0.0205117;0.0107853;3.23297e-006;-0.0107792;-0.0205065;-0.0282266;-0.0331839;-0.0348931;-0.0331869;-0.0282323;-0.0205143;-0.0107884;-6.46593e-006;0.0107761;0.0205039;0.0282247;0.0331829;0.0348931;0.0331879;0.0282342;0.0205169;0.0107915;9.6989e-006;-0.010773;-0.0205013;-0.0282228;-0.0331819;-0.034893;-0.0331889;-0.0282361;-0.0205196;0;
0.344;0;0.0103649;0.0197153;0.0271359;0.0319004;0.0335424;0.0319013;0.0271377;0.0197178;0.0103678;3.10783e-006;-0.0103619;-0.0197127;-0.027134;-0.0318994;-0.0335424;-0.0319023;-0.0271395;-0.0197203;-0.0103708;-6.21566e-006;0.010359;0.0197102;0.0271322;0.0318985;0.0335424;0.0319033;0.0271413;0.0197228;0.0103738;9.32348e-006;-0.010356;-0.0197077;-0.0271304;-0.0318975;-0.0335424;-0.0319042;-0.0271432;-0.0197253;0;
0.348;0;0.0099637;0.0189521;0.0260855;0.0306656;0.0322441;0.0306665;0.0260873;0.0189545;0.00996654;2.98753e-006;-0.00996085;-0.0189497;-0.0260838;-0.0306647;-0.0322441;-0.0306675;-0.026089;-0.018957;-0.00996938;-5.97507e-006;0.00995801;0.0189473;0.026082;0.0306638;0.0322441;0.0306684;0.0260908;0.0189594;0.00997222;8.9626e-006;-0.00995517;-0.0189449;-0.0260802;-0.0306628;-0.0322441;-0.0306693;-0.0260925;-0.0189618;0;
0.352;0;0.00957803;0.0182186;0.0250758;0.0294786;0.030996;0.0294795;0.0250775;0.0182209;0.00958076;2.87189e-006;-0.0095753;-0.0182162;-0.0250741;-0.0294777;-0.030996;-0.0294804;-0.0250792;-0.0182232;-0.00958349;-5.74379e-006;0.00957257;0.0182139;0.0250724;0.0294769;0.030996;0.0294813;0.0250809;0.0182255;0.00958622;8.61568e-006;-0.00956984;-0.0182116;-0.0250708;-0.029476;-0.030996;-0.0294822;-0.0250826;-0.0182278;0;
0.356;0;0.00920729;0.0175134;0.0241052;0.0283376;0.0297963;0.0283385;0.0241068;0.0175156;0.00920992;2.76073e-006;-0.00920467;-0.0175111;-0.0241036;-0.0283367;-0.0297963;-0.0283393;-0.0241085;-0.0175178;-0.00921254;-5.52146e-006;0.00920204;0.0175089;0.024102;0.0283359;0.0297963;0.0283402;0.0241101;0.0175201;0.00921517;8.2822e-006;-0.00919942;-0.0175067;-0.0241003;-0.028335;-0.0297963;-0.028341;-0.0241117;-0.0175223;0;
0.36;0;0.00885091;0.0168355;0.0231722;0.0272407;0.0286429;0.0272416;0.0231737;0.0168376;0.00885343;2.65387e-006;-0.00884838;-0.0168333;-0.0231706;-0.0272399;-0.0286429;-0.0272424;-0.0231753;-0.0168398;-0.00885595;-5.30774e-006;0.00884586;0.0168312;0.023169;0.0272391;0.0286429;0.0272432;0.0231768;0.0168419;0.00885848;7.96162e-006;-0.00884333;-0.016829;-0.0231675;-0.0272383;-0.0286429;-0.027244;-0.0231784;-0.0168441;0;
0.364;0;0.00850831;0.0161838;0.0222752;0.0261863;0.0275343;0.0261871;0.0222767;0.0161859;0.00851074;2.55115e-006;-0.00850589;-0.0161818;-0.0222737;-0.0261855;-0.0275343;-0.0261879;-0.0222782;-0.0161879;-0.00851317;-5.1023e-006;0.00850346;0.0161797;0.0222722;0.0261847;0.0275343;0.0261887;0.0222797;0.01619;0.00851559;7.65345e-006;-0.00850103;-0.0161776;-0.0222707;-0.026184;-0.0275343;-0.0261895;-0.0222812;-0.0161921;0;
0.368;0;0.00817898;0.0155574;0.021413;0.0251727;0.0264685;0.0251735;0.0214145;0.0155594;0.00818131;2.4524e-006;-0.00817665;-0.0155554;-0.0214116;-0.025172;-0.0264685;-0.0251742;-0.0214159;-0.0155614;-0.00818365;-4.9048e-006;0.00817432;0.0155534;0.0214101;0.0251712;0.0264685;0.025175;0.0214174;0.0155633;0.00818598;7.3572e-006;-0.00817198;-0.0155514;-0.0214087;-0.0251705;-0.0264685;-0.0251758;-0.0214188;-0.0155653;0;
0.372;0;0.0078624;0.0149552;0.0205842;0.0241984;0.025444;0.0241991;0.0205856;0.0149571;0.00786464;2.35748e-006;-0.00786015;-0.0149533;-0.0205828;-0.0241976;-0.025444;-0.0241998;-0.020587;-0.014959;-0.00786688;-4.71495e-006;0.00785791;0.0149514;0.0205814;0.0241969;0.025444;0.0242006;0.0205883;0.0149609;0.00786912;7.07243e-006;-0.00785567;-0.0149495;-0.02058;-0.0241962;-0.025444;-0.0242013;-0.0205897;-0.0149628;0;
0.376;0;0.00755807;0.0143763;0.0197874;0.0232617;0.0244591;0.0232624;0.0197888;0.0143782;0.00756022;2.26622e-006;-0.00755591;-0.0143745;-0.0197861;-0.023261;-0.0244591;-0.0232631;-0.0197901;-0.01438;-0.00756238;-4.53245e-006;0.00755376;0.0143727;0.0197848;0.0232603;0.0244591;0.0232638;0.0197914;0.0143818;0.00756453;6.79867e-006;-0.0075516;-0.0143708;-0.0197834;-0.0232596;-0.0244591;-0.0232645;-0.0197928;-0.0143837;0;
0.38;0;0.00726552;0.0138199;0.0190215;0.0223613;0.0235124;0.022362;0.0190228;0.0138216;0.00726759;2.17851e-006;-0.00726344;-0.0138181;-0.0190202;-0.0223607;-0.0235124;-0.0223627;-0.0190241;-0.0138234;-0.00726966;-4.35701e-006;0.00726137;0.0138163;0.019019;0.02236;0.0235124;0.0223633;0.0190254;0.0138252;0.00727173;6.53552e-006;-0.0072593;-0.0138146;-0.0190177;-0.0223593;-0.0235124;-0.022364;-0.0190266;-0.0138269;0;
0.384;0;0.00698429;0.0132849;0.0182853;0.0214958;0.0226023;0.0214964;0.0182865;0.0132866;0.00698628;2.09418e-006;-0.0069823;-0.0132833;-0.018284;-0.0214951;-0.0226023;-0.0214971;-0.0182877;-0.0132883;-0.00698827;-4.18836e-006;0.00698031;0.0132816;0.0182828;0.0214945;0.0226023;0.0214977;0.018289;0.01329;0.00699026;6.28255e-006;-0.00697831;-0.0132799;-0.0182816;-0.0214938;-0.0226023;-0.0214984;-0.0182902;-0.0132917;0;
0.388;0;0.00671395;0.0127707;0.0175775;0.0206637;0.0217274;0.0206644;0.0175787;0.0127724;0.00671586;2.01312e-006;-0.00671203;-0.0127691;-0.0175763;-0.0206631;-0.0217274;-0.020665;-0.0175799;-0.012774;-0.00671778;-4.02625e-006;0.00671012;0.0127675;0.0175751;0.0206625;0.0217274;0.0206656;0.017581;0.0127756;0.00671969;6.03937e-006;-0.0067082;-0.0127658;-0.0175739;-0.0206619;-0.0217274;-0.0206662;-0.0175822;-0.0127772;0;
0.392;0;0.00645407;0.0122764;0.0168971;0.0198639;0.0208864;0.0198645;0.0168983;0.012278;0.00645591;1.9352e-006;-0.00645223;-0.0122748;-0.016896;-0.0198633;-0.0208864;-0.0198651;-0.0168994;-0.0122795;-0.00645775;-3.8704e-006;0.00645039;0.0122733;0.0168948;0.0198627;0.0208864;0.0198657;0.0169005;0.0122811;0.00645959;5.8056e-006;-0.00644855;-0.0122717;-0.0168937;-0.0198621;-0.0208864;-0.0198663;-0.0169017;-0.0122827;0;
0.396;0;0.00620425;0.0118012;0.0162431;0.019095;0.020078;0.0190956;0.0162442;0.0118027;0.00620602;1.86029e-006;-0.00620248;-0.0117997;-0.016242;-0.0190945;-0.020078;-0.0190962;-0.0162453;-0.0118042;-0.00620779;-3.72059e-006;0.00620071;0.0117982;0.0162409;0.0190939;0.020078;0.0190968;0.0162464;0.0118057;0.00620956;5.58088e-006;-0.00619894;-0.0117967;-0.0162398;-0.0190933;-0.020078;-0.0190973;-0.0162475;-0.0118072;0;
0.4;0;0.0059641;0.0113444;0.0156144;0.0183559;0.0193008;0.0183565;0.0156154;0.0113459;0.0059658;1.78829e-006;-0.0059624;-0.011343;-0.0156133;-0.0183554;-0.0193008;-0.018357;-0.0156165;-0.0113473;-0.00596751;-3.57658e-006;0.0059607;0.0113415;0.0156123;0.0183548;0.0193008;0.0183576;0.0156175;0.0113488;0.00596921;5.36486e-006;-0.005959;-0.0113401;-0.0156112;-0.0183543;-0.0193008;-0.0183581;-0.0156186;-0.0113502;0;
0.404;0;0.00573325;0.0109053;0.01501;0.0176454;0.0185537;0.017646;0.015011;0.0109067;0.00573489;1.71907e-006;-0.00573162;-0.0109039;-0.015009;-0.0176449;-0.0185537;-0.0176465;-0.015012;-0.0109081;-0.00573652;-3.43814e-006;0.00572998;0.0109025;0.015008;0.0176444;0.0185537;0.017647;0.015013;0.0109095;0.00573816;5.15721e-006;-0.00572835;-0.0109012;-0.0150069;-0.0176438;-0.0185537;-0.0176475;-0.015014;-0.0109109;0;
0.408;0;0.00551133;0.0104832;0.014429;0.0169624;0.0178356;0.0169629;0.01443;0.0104845;0.00551291;1.65253e-006;-0.00550976;-0.0104819;-0.014428;-0.0169619;-0.0178356;-0.0169634;-0.0144309;-0.0104859;-0.00551448;-3.30506e-006;0.00550819;0.0104805;0.014427;0.0169614;0.0178356;0.016964;0.0144319;0.0104872;0.00551605;4.95759e-006;-0.00550662;-0.0104792;-0.0144261;-0.0169609;-0.0178356;-0.0169645;-0.0144329;-0.0104886;0;
0.412;0;0.00529801;0.0100774;0.0138705;0.0163059;0.0171452;0.0163063;0.0138714;0.0100787;0.00529952;1.58856e-006;-0.0052965;-0.0100762;-0.0138695;-0.0163054;-0.0171452;-0.0163068;-0.0138723;-0.01008;-0.00530103;-3.17713e-006;0.00529498;0.0100749;0.0138686;0.0163049;0.0171452;0.0163073;0.0138733;0.0100813;0.00530254;4.76569e-006;-0.00529347;-0.0100736;-0.0138677;-0.0163044;-0.0171452;-0.0163078;-0.0138742;-0.0100826;0;
0.416;0;0.00509294;0.00968737;0.0133336;0.0156747;0.0164816;0.0156752;0.0133345;0.0096886;0.00509439;1.52708e-006;-0.00509148;-0.00968613;-0.0133327;-0.0156742;-0.0164816;-0.0156756;-0.0133354;-0.00968984;-0.00509584;-3.05415e-006;0.00509003;0.0096849;0.0133318;0.0156738;0.0164816;0.0156761;0.0133363;0.00969108;0.00509729;4.58123e-006;-0.00508858;-0.00968366;-0.0133309;-0.0156733;-0.0164816;-0.0156766;-0.0133372;-0.00969231;0;
0.42;0;0.0048958;0.0093124;0.0128175;0.015068;0.0158436;0.0150684;0.0128183;0.00931359;0.0048972;1.46797e-006;-0.00489441;-0.00931121;-0.0128166;-0.0150675;-0.0158436;-0.0150689;-0.0128192;-0.00931477;-0.0048986;-2.93593e-006;0.00489301;0.00931002;0.0128158;0.0150671;0.0158436;0.0150693;0.0128201;0.00931596;0.00489999;4.4039e-006;-0.00489161;-0.00930884;-0.0128149;-0.0150666;-0.0158436;-0.0150698;-0.0128209;-0.00931715;0;
0.424;0;0.0047063;0.00895194;0.0123214;0.0144847;0.0152303;0.0144852;0.0123222;0.00895309;0.00470764;1.41115e-006;-0.00470496;-0.0089508;-0.0123205;-0.0144843;-0.0152303;-0.0144856;-0.012323;-0.00895423;-0.00470899;-2.82229e-006;0.00470362;0.00894966;0.0123197;0.0144839;0.0152303;0.0144861;0.0123238;0.00895537;0.00471033;4.23344e-006;-0.00470227;-0.00894852;-0.0123189;-0.0144834;-0.0152303;-0.0144865;-0.0123247;-0.00895651;0;
0.428;0;0.00452413;0.00860544;0.0118444;0.0139241;0.0146408;0.0139245;0.0118452;0.00860654;0.00452542;1.35652e-006;-0.00452284;-0.00860434;-0.0118436;-0.0139237;-0.0146408;-0.0139249;-0.011846;-0.00860764;-0.00452671;-2.71305e-006;0.00452155;0.00860325;0.0118428;0.0139232;0.0146408;0.0139253;0.0118468;0.00860873;0.004528;4.06957e-006;-0.00452026;-0.00860215;-0.011842;-0.0139228;-0.0146408;-0.0139258;-0.0118476;-0.00860983;0;
0.432;0;0.00434902;0.00827235;0.011386;0.0133851;0.0140741;0.0133855;0.0113867;0.0082734;0.00435026;1.30402e-006;-0.00434778;-0.00827129;-0.0113852;-0.0133847;-0.0140741;-0.0133859;-0.0113875;-0.00827446;-0.0043515;-2.60804e-006;0.00434654;0.00827024;0.0113844;0.0133843;0.0140741;0.0133863;0.0113883;0.00827551;0.00435274;3.91205e-006;-0.0043453;-0.00826918;-0.0113837;-0.0133839;-0.0140741;-0.0133867;-0.011389;-0.00827657;0;
0.436;0;0.00418068;0.00795215;0.0109453;0.012867;0.0135294;0.0128674;0.010946;0.00795317;0.00418187;1.25354e-006;-0.00417949;-0.00795114;-0.0109445;-0.0128666;-0.0135294;-0.0128678;-0.0109467;-0.00795418;-0.00418306;-2.50709e-006;0.0041783;0.00795012;0.0109438;0.0128662;0.0135294;0.0128682;0.0109475;0.00795519;0.00418426;3.76063e-006;-0.0041771;-0.00794911;-0.010943;-0.0128659;-0.0135294;-0.0128686;-0.0109482;-0.00795621;0;
0.44;0;0.00401886;0.00764435;0.0105216;0.012369;0.0130057;0.0123694;0.0105223;0.00764532;0.00402;1.20502e-006;-0.00401771;-0.00764337;-0.0105209;-0.0123686;-0.0130057;-0.0123697;-0.010523;-0.0076463;-0.00402115;-2.41004e-006;0.00401657;0.0076424;0.0105202;0.0123682;0.0130057;0.0123701;0.0105237;0.00764727;0.0040223;3.61507e-006;-0.00401542;-0.00764142;-0.0105195;-0.0123679;-0.0130057;-0.0123705;-0.0105244;-0.00764825;0;
0.444;0;0.0038633;0.00734846;0.0101143;0.0118902;0.0125023;0.0118906;0.010115;0.00734939;0.0038644;1.15838e-006;-0.0038622;-0.00734752;-0.0101137;-0.0118899;-0.0125023;-0.0118909;-0.0101157;-0.00735033;-0.0038655;-2.31676e-006;0.0038611;0.00734658;0.010113;0.0118895;0.0125023;0.0118913;0.0101164;0.00735127;0.00386661;3.47514e-006;-0.00386;-0.00734564;-0.0101123;-0.0118891;-0.0125023;-0.0118916;-0.0101171;-0.0073522;0;
0.448;0;0.00371376;0.00706402;0.00972284;0.01143;0.0120183;0.0114303;0.00972349;0.00706492;0.00371482;1.11354e-006;-0.0037127;-0.00706312;-0.00972219;-0.0114296;-0.0120183;-0.0114307;-0.00972415;-0.00706582;-0.00371588;-2.22708e-006;0.00371165;0.00706222;0.00972153;0.0114293;0.0120183;0.011431;0.0097248;0.00706672;0.00371694;3.34063e-006;-0.00371059;-0.00706132;-0.00972088;-0.0114289;-0.0120183;-0.0114314;-0.00972546;-0.00706762;0;
0.452;0;0.00357001;0.00679059;0.0093465;0.0109876;0.0115531;0.0109879;0.00934713;0.00679146;0.00357103;1.07044e-006;-0.003569;-0.00678973;-0.00934587;-0.0109872;-0.0115531;-0.0109882;-0.00934776;-0.00679232;-0.00357205;-2.14088e-006;0.00356798;0.00678886;0.00934524;0.0109869;0.0115531;0.0109885;0.00934838;0.00679319;0.00357307;3.21132e-006;-0.00356696;-0.00678799;-0.00934461;-0.0109866;-0.0115531;-0.0109889;-0.00934901;-0.00679406;0;
0.456;0;0.00343183;0.00652775;0.00898472;0.0105623;0.011106;0.0105626;0.00898533;0.00652858;0.00343281;1.02901e-006;-0.00343085;-0.00652692;-0.00898412;-0.0105619;-0.011106;-0.0105629;-0.00898593;-0.00652941;-0.00343379;-2.05801e-006;0.00342987;0.00652608;0.00898351;0.0105616;0.011106;0.0105632;0.00898654;0.00653025;0.00343477;3.08702e-006;-0.00342889;-0.00652525;-0.00898291;-0.0105613;-0.011106;-0.0105635;-0.00898714;-0.00653108;0;
0.46;0;0.00329899;0.00627508;0.00863695;0.0101534;0.0106761;0.0101537;0.00863753;0.00627588;0.00329993;9.89176e-007;-0.00329805;-0.00627428;-0.00863637;-0.0101531;-0.0106761;-0.010154;-0.00863811;-0.00627668;-0.00330088;-1.97835e-006;0.00329711;0.00627348;0.00863579;0.0101528;0.0106761;0.0101543;0.00863869;0.00627748;0.00330182;2.96753e-006;-0.00329617;-0.00627268;-0.00863521;-0.0101525;-0.0106761;-0.0101546;-0.00863928;-0.00627828;0;
0.464;0;0.0031713;0.00603219;0.00830264;0.00976042;0.0102628;0.00976071;0.0083032;0.00603296;0.0031722;9.50888e-007;-0.0031704;-0.00603142;-0.00830208;-0.00976012;-0.0102628;-0.009761;-0.00830376;-0.00603373;-0.00317311;-1.90178e-006;0.00316949;0.00603065;0.00830152;0.00975983;0.0102628;0.0097613;0.00830432;0.0060345;0.00317401;2.85267e-006;-0.00316859;-0.00602988;-0.00830096;-0.00975953;-0.0102628;-0.00976159;-0.00830487;-0.00603526;0;
0.468;0;0.00304855;0.0057987;0.00798127;0.00938262;0.00986559;0.0093829;0.00798181;0.00579944;0.00304942;9.14082e-007;-0.00304768;-0.00579796;-0.00798073;-0.00938234;-0.00986559;-0.00938318;-0.00798234;-0.00580018;-0.00305029;-1.82816e-006;0.00304681;0.00579722;0.00798019;0.00938205;0.00986559;0.00938347;0.00798288;0.00580092;0.00305116;2.74225e-006;-0.00304594;-0.00579648;-0.00797966;-0.00938177;-0.00986559;-0.00938375;-0.00798342;-0.00580166;0;
0.472;0;0.00293055;0.00557425;0.00767234;0.00901945;0.00948372;0.00901972;0.00767285;0.00557496;0.00293138;8.78701e-007;-0.00292971;-0.00557354;-0.00767182;-0.00901917;-0.00948372;-0.00901999;-0.00767337;-0.00557567;-0.00293222;-1.7574e-006;0.00292888;0.00557283;0.0076713;0.0090189;0.00948372;0.00902026;0.00767389;0.00557638;0.00293305;2.6361e-006;-0.00292804;-0.00557212;-0.00767079;-0.00901863;-0.00948372;-0.00902053;-0.0076744;-0.00557709;0;
0.476;0;0.00281711;0.00535849;0.00737536;0.00867033;0.00911663;0.00867059;0.00737586;0.00535917;0.00281792;8.44689e-007;-0.00281631;-0.0053578;-0.00737487;-0.00867007;-0.00911663;-0.00867085;-0.00737636;-0.00535985;-0.00281872;-1.68938e-006;0.00281551;0.00535712;0.00737437;0.00866981;0.00911663;0.00867111;0.00737685;0.00536054;0.00281952;2.53407e-006;-0.0028147;-0.00535644;-0.00737387;-0.00866955;-0.00911663;-0.00867137;-0.00737735;-0.00536122;0;
0.48;0;0.00270807;0.00515108;0.00708988;0.00833473;0.00876376;0.00833498;0.00709036;0.00515173;0.00270884;8.11993e-007;-0.0027073;-0.00515042;-0.00708941;-0.00833448;-0.00876376;-0.00833523;-0.00709084;-0.00515239;-0.00270962;-1.62399e-006;0.00270653;0.00514976;0.00708893;0.00833422;0.00876376;0.00833548;0.00709132;0.00515305;0.00271039;2.43598e-006;-0.00270576;-0.0051491;-0.00708845;-0.00833397;-0.00876376;-0.00833573;-0.00709179;-0.0051537;0;
0.484;0;0.00260325;0.00495169;0.00681546;0.00801211;0.00842454;0.00801236;0.00681591;0.00495232;0.00260399;7.80564e-007;-0.00260251;-0.00495106;-0.006815;-0.00801187;-0.00842454;-0.0080126;-0.00681637;-0.00495296;-0.00260474;-1.56113e-006;0.00260177;0.00495043;0.00681454;0.00801163;0.00842454;0.00801284;0.00681683;0.00495359;0.00260548;2.34169e-006;-0.00260102;-0.0049498;-0.00681408;-0.00801139;-0.00842454;-0.00801308;-0.00681729;-0.00495422;0;
0.488;0;0.00250249;0.00476003;0.00655165;0.00770199;0.00809845;0.00770222;0.00655209;0.00476063;0.0025032;7.5035e-007;-0.00250177;-0.00475942;-0.00655121;-0.00770176;-0.00809845;-0.00770245;-0.00655253;-0.00476124;-0.00250391;-1.5007e-006;0.00250106;0.00475881;0.00655077;0.00770152;0.00809845;0.00770268;0.00655297;0.00476185;0.00250463;2.25105e-006;-0.00250035;-0.00475821;-0.00655033;-0.00770129;-0.00809845;-0.00770292;-0.00655341;-0.00476245;0;
0.492;0;0.00240562;0.00457578;0.00629805;0.00740387;0.00778498;0.00740409;0.00629848;0.00457636;0.00240631;7.21306e-007;-0.00240494;-0.0045752;-0.00629763;-0.00740364;-0.00778498;-0.00740431;-0.0062989;-0.00457695;-0.00240699;-1.44261e-006;0.00240425;0.00457461;0.00629721;0.00740342;0.00778498;0.00740454;0.00629933;0.00457753;0.00240768;2.16392e-006;-0.00240356;-0.00457403;-0.00629678;-0.0074032;-0.00778498;-0.00740476;-0.00629975;-0.00457811;0;
0.496;0;0.00231251;0.00439867;0.00605428;0.00711729;0.00748365;0.0071175;0.00605468;0.00439923;0.00231317;6.93387e-007;-0.00231185;-0.0043981;-0.00605387;-0.00711707;-0.00748365;-0.00711771;-0.00605509;-0.00439979;-0.00231383;-1.38677e-006;0.00231119;0.00439754;0.00605346;0.00711686;0.00748365;0.00711793;0.0060555;0.00440035;0.00231449;2.08016e-006;-0.00231053;-0.00439698;-0.00605305;-0.00711664;-0.00748365;-0.00711814;-0.00605591;-0.00440091;0;
