;5.34145e-307;0.169492;0.338983;0.508475;0.677966;0.847458;1.01695;1.18644;1.35593;1.52542;1.69492;1.86441;2.0339;2.20339;2.37288;2.54237;2.71186;2.88136;3.05085;3.22034;3.38983;3.55932;3.72881;3.89831;4.0678;4.23729;4.40678;4.57627;4.74576;4.91525;5.08475;5.25424;5.42373;5.59322;5.76271;5.9322;6.10169;6.27119;6.44068;6.61017;6.77966;6.94915;7.11864;7.28814;7.45763;7.62712;7.79661;7.9661;8.13559;8.30508;8.47458;8.64407;8.81356;8.98305;9.15254;9.32203;9.49153;9.66102;9.83051;10;
0;0;1;1;1;1;1;1;1;1;1;1;1;1;1;1;1;1;1;1;1;1;1;1;1;1;1;1;1;1;1;1;1;1;1;1;1;1;1;1;1;1;1;1;1;1;1;1;1;1;1;1;1;1;1;1;1;1;1;1;1;
0.0289855;0;-9.79725;-3.88822;-1.8935;-0.863998;-0.265253;0.0157313;0.0689427;0.0365736;0.0100203;0.00159869;0.000153226;8.91625e-006;3.16288e-007;6.85067e-009;9.06544e-011;7.33016e-013;3.62144e-015;1.09303e-017;2.01507e-020;2.26868e-023;1.55958e-026;6.54515e-030;1.67665e-033;2.62128e-037;2.50081e-041;1.45576e-045;5.17011e-050;1.12012e-054;1.4803e-059;1.19322e-064;5.86606e-070;1.75872e-075;3.21549e-081;3.58487e-087;2.43699e-093;1.01011e-099;2.5527e-106;3.93303e-113;3.69436e-120;2.11552e-127;7.385e-135;1.57154e-142;2.03859e-150;1.61196e-158;7.76935e-167;2.28252e-175;4.08729e-184;4.46105e-193;2.96765e-202;1.20324e-211;2.9734e-221;4.47823e-231;4.1106e-241;2.29955e-251;7.84001e-262;1.62899e-272;2.06275e-283;1.59181e-294;1;
0.057971;0;-9.72785;-3.79817;-1.78942;-0.786471;-0.242251;0.016005;0.0917721;0.0776679;0.0423015;0.0169189;0.00515984;0.0012171;0.000223419;3.20075e-005;3.58352e-006;3.13738e-007;2.14851e-008;1.15093e-009;4.82271e-011;1.58062e-012;4.0515e-014;8.12089e-016;1.27275e-017;1.55951e-019;1.49379e-021;1.11843e-023;6.54491e-026;2.99322e-028;1.06974e-030;2.98741e-033;6.51864e-036;1.11132e-038;1.48019e-041;1.54018e-044;1.25192e-047;7.94904e-051;3.94248e-054;1.5273e-057;4.62129e-061;1.09213e-064;2.01577e-068;2.90571e-072;3.27113e-076;2.87585e-080;1.97445e-084;1.0586e-088;4.4321e-093;1.44902e-097;3.69929e-102;7.37452e-107;1.14792e-111;1.39524e-116;1.32415e-121;9.81236e-127;5.67738e-132;2.56483e-137;9.04686e-143;2.49151e-148;1;
0.0869565;0;-9.57251;-3.67974;-1.70274;-0.741005;-0.231385;0.0161263;0.102901;0.103263;0.0715403;0.0392141;0.0177078;0.00669358;0.00213346;0.000575439;0.000131582;2.55327e-005;4.20634e-006;5.88466e-007;6.99169e-008;7.05485e-009;6.04532e-010;4.39893e-011;2.71791e-012;1.42577e-013;6.34969e-015;2.40053e-016;7.70338e-018;2.09818e-019;4.85018e-021;9.51487e-023;1.58398e-024;2.23755e-026;2.68196e-028;2.72749e-030;2.35337e-032;1.72271e-034;1.06983e-036;5.63611e-039;2.5188e-041;9.54866e-044;3.07054e-046;8.37523e-049;1.93766e-051;3.80233e-054;6.32848e-057;8.93347e-060;1.06955e-062;1.08602e-065;9.3523e-069;6.83028e-072;4.23049e-075;2.22212e-078;9.89838e-082;3.73916e-085;1.19782e-088;3.25398e-092;7.49609e-096;1.46436e-099;1;
0.115942;0;-9.38553;-3.5688;-1.6362;-0.710765;-0.224746;0.0161987;0.109784;0.120702;0.0947974;0.0610869;0.0336793;0.0161595;0.00680152;0.00252151;0.000825154;0.000238642;6.10347e-005;1.38095e-005;2.76457e-006;4.89722e-007;7.67628e-008;1.06467e-008;1.30654e-009;1.41856e-010;1.36257e-011;1.15778e-012;8.70205e-014;5.78519e-015;3.40162e-016;1.7689e-017;8.13471e-019;3.30813e-020;1.1896e-021;3.78252e-023;1.06341e-024;2.64331e-026;5.80899e-028;1.12862e-029;1.93852e-031;2.94348e-033;3.95098e-035;4.68803e-037;4.91708e-039;4.55874e-041;3.73589e-043;2.70611e-045;1.73257e-047;9.80447e-050;4.90382e-052;2.16779e-054;8.46964e-057;2.92463e-059;8.92545e-062;2.40733e-064;5.73831e-067;1.20884e-069;2.25053e-072;3.70279e-075;1;
0.144928;0;-9.19765;-3.47192;-1.58412;-0.688874;-0.220154;0.0162481;0.114576;0.133491;0.113356;0.0806844;0.0502441;0.0278617;0.0138747;0.00623229;0.00253121;0.000930807;0.000310157;9.3689e-005;2.56617e-005;6.37421e-006;1.43592e-006;2.93361e-007;5.43535e-008;9.13248e-009;1.39144e-009;1.92234e-010;2.40803e-011;2.73486e-012;2.81595e-013;2.6285e-014;2.22414e-015;1.70596e-016;1.18605e-017;7.47399e-019;4.26871e-020;2.20962e-021;1.03658e-022;4.40695e-024;1.69788e-025;5.92787e-027;1.87543e-028;5.37654e-030;1.39667e-031;3.28749e-033;7.01138e-035;1.35489e-036;2.37224e-038;3.76321e-040;5.40873e-042;7.04309e-044;8.30913e-046;8.88108e-048;8.59981e-050;7.54429e-052;5.99584e-054;4.31695e-056;2.81577e-058;1.66381e-060;1;
0.173913;0;-9.02054;-3.38838;-1.54221;-0.672105;-0.216737;0.0162846;0.118157;0.143369;0.128472;0.0978598;0.0661782;0.0404591;0.0225593;0.0115257;0.00540964;0.00233607;0.000928976;0.000340371;0.000114938;3.57774e-005;1.02666e-005;2.71599e-006;6.62389e-007;1.48926e-007;3.08665e-008;5.89714e-009;1.03851e-009;1.6857e-010;2.52187e-011;3.47711e-012;4.41822e-013;5.17358e-014;5.58253e-015;5.55072e-016;5.08544e-017;4.29294e-018;3.33897e-019;2.3927e-020;1.57968e-021;9.60819e-023;5.38388e-024;2.7792e-025;1.32161e-026;5.78947e-028;2.33623e-029;8.68409e-031;2.97344e-032;9.37799e-034;2.7244e-035;7.29014e-037;1.79679e-038;4.07897e-040;8.5288e-042;1.6425e-043;2.91338e-045;4.75946e-047;7.16116e-049;9.92361e-051;1;
0.202899;0;-8.85761;-3.31612;-1.50766;-0.658736;-0.214065;0.0163129;0.120964;0.151288;0.141042;0.112883;0.0810424;0.0531643;0.0321577;0.0180223;0.00938414;0.00454714;0.00205242;0.000863443;0.000338685;0.000123892;4.22694e-005;1.34514e-005;3.99278e-006;1.10547e-006;2.85477e-007;6.87594e-008;1.54459e-008;3.23593e-009;6.3222e-010;1.15187e-010;1.95696e-011;3.10021e-012;4.57943e-013;6.30706e-014;8.09882e-015;9.69574e-016;1.08216e-016;1.126e-017;1.09222e-018;9.87632e-020;8.32496e-021;6.54125e-022;4.79094e-023;3.27079e-024;2.08137e-025;1.23452e-026;6.82492e-028;3.5167e-029;1.68891e-030;7.55967e-032;3.15369e-033;1.22617e-034;4.44312e-036;1.50047e-037;4.72245e-039;1.38516e-040;3.78633e-042;9.64544e-044;1;
0.231884;0;-8.70905;-3.25314;-1.47858;-0.647758;-0.211903;0.0163357;0.123241;0.157818;0.151689;0.126086;0.0947351;0.0655574;0.0421713;0.0253437;0.01427;0.00754099;0.00374398;0.00174751;0.000767117;0.000316785;0.000123081;4.49959e-005;1.54784e-005;5.01019e-006;1.52599e-006;4.37326e-007;1.17925e-007;2.9918e-008;7.14124e-009;1.60365e-009;3.38785e-010;6.7329e-011;1.25871e-011;2.2135e-012;3.66143e-013;5.69671e-014;8.33653e-015;1.14742e-015;1.48533e-016;1.80833e-017;2.07049e-018;2.22947e-019;2.25762e-020;2.14988e-021;1.92522e-022;1.62123e-023;1.28379e-024;9.55936e-026;6.69323e-027;4.40668e-028;2.72802e-029;1.58797e-030;8.69128e-032;4.47272e-033;2.16421e-034;9.84605e-036;4.21168e-037;1.69385e-038;1;
0.26087;0;-8.57386;-3.19777;-1.45368;-0.638535;-0.210106;0.0163547;0.125136;0.163322;0.160846;0.137767;0.107293;0.0774318;0.0522723;0.0331785;0.0198592;0.0112297;0.00600552;0.00303958;0.00145662;0.000661104;0.000284219;0.000115755;4.46634e-005;1.63266e-005;5.65423e-006;1.85514e-006;5.76627e-007;1.69791e-007;4.73612e-008;1.25142e-008;3.13215e-009;7.42546e-010;1.66737e-010;3.54612e-011;7.14288e-012;1.36263e-012;2.46183e-013;4.2121e-014;6.82476e-015;1.04716e-015;1.52149e-016;2.09335e-017;2.72724e-018;3.36438e-019;3.92986e-020;4.34644e-021;4.55162e-022;4.51301e-023;4.23672e-024;3.76572e-025;3.16895e-026;2.5248e-027;1.90448e-028;1.36007e-029;9.19541e-031;5.8858e-032;3.56663e-033;2.0461e-034;1;
0.289855;0;-8.4507;-3.14867;-1.43206;-0.630645;-0.208582;0.0163707;0.126745;0.168041;0.168826;0.148175;0.118806;0.0886995;0.0622545;0.0412912;0.0259601;0.0154996;0.00879847;0.00475206;0.00244315;0.00119603;0.000557621;0.000247624;0.000104744;4.22046e-005;1.61991e-005;5.92271e-006;2.06271e-006;6.8428e-007;2.1622e-007;6.50744e-008;1.86536e-008;5.09263e-009;1.32413e-009;3.27883e-010;7.73196e-011;1.73633e-011;3.71309e-012;7.56111e-013;1.46613e-013;2.70698e-014;4.75899e-015;7.96619e-016;1.26965e-016;1.92666e-017;2.7836e-018;3.82898e-019;5.01445e-020;6.25205e-021;7.42119e-022;8.38629e-023;9.02207e-024;9.24009e-025;9.00896e-026;8.36174e-027;7.38817e-028;6.21429e-029;4.97571e-030;3.79248e-031;1;
0.318841;0;-8.33818;-3.10479;-1.41306;-0.623795;-0.207269;0.0163844;0.128133;0.172147;0.175858;0.157513;0.129375;0.0993368;0.0719931;0.049511;0.0324113;0.020235;0.0120628;0.00687168;0.00374254;0.00194938;0.000971285;0.00046299;0.000211157;9.21436e-005;3.84732e-005;1.53704e-005;5.87546e-006;2.14891e-006;7.51978e-007;2.51762e-007;8.06419e-008;2.47118e-008;7.24451e-009;2.0317e-009;5.45063e-010;1.3988e-010;3.43382e-011;8.06304e-012;1.81096e-012;3.89045e-013;7.99391e-014;1.57101e-014;2.95291e-015;5.30841e-016;9.12671e-017;1.50069e-017;2.35987e-018;3.54894e-019;5.10407e-020;7.01997e-021;9.23312e-022;1.16132e-022;1.39681e-023;1.60658e-024;1.76703e-025;1.85845e-026;1.86907e-027;1.79747e-028;1;
0.347826;0;-8.23507;-3.0653;-1.39621;-0.617776;-0.206121;0.0163965;0.129347;0.17576;0.182115;0.165946;0.139101;0.109354;0.0814168;0.0577173;0.0390834;0.0253293;0.0157303;0.00936885;0.00535421;0.00293707;0.00154683;0.000782245;0.000379885;0.000177172;7.93557e-005;3.41357e-005;1.4102e-005;5.5949e-006;2.13173e-006;7.7999e-007;2.74065e-007;9.24727e-008;2.9961e-008;9.3212e-009;2.7845e-009;7.98675e-010;2.19953e-010;5.81591e-011;1.47646e-011;3.59858e-012;8.42052e-013;1.89162e-013;4.07952e-014;8.44607e-015;1.67867e-015;3.2028e-016;5.86603e-017;1.03134e-017;1.74058e-018;2.81979e-019;4.38495e-020;6.54531e-021;9.37798e-022;1.28972e-022;1.7025e-023;2.15714e-024;2.62339e-025;3.06224e-026;1;
0.376812;0;-8.14023;-3.02953;-1.38112;-0.612432;-0.205107;0.0164071;0.130421;0.178973;0.187727;0.173606;0.148077;0.11878;0.0904882;0.0658269;0.0458754;0.0306896;0.0197329;0.0122051;0.00726569;0.00416447;0.00229875;0.00122221;0.000625977;0.000308859;0.000146813;6.72321e-005;2.96617e-005;1.26072e-005;5.16226e-006;2.03633e-006;7.73809e-007;2.83261e-007;9.9884e-008;3.39274e-008;1.11004e-008;3.49824e-009;1.06188e-009;3.10456e-010;8.74217e-011;2.37094e-011;6.19293e-012;1.55789e-012;3.77428e-013;8.80602e-014;1.97864e-014;4.28142e-015;8.92146e-016;1.79021e-016;3.45929e-017;6.43693e-018;1.15338e-018;1.99005e-019;3.30633e-020;5.28951e-021;8.14831e-022;1.20864e-022;1.72624e-023;2.37397e-024;1;
0.405797;0;-8.0527;-2.99694;-1.36751;-0.607646;-0.204203;0.0164165;0.131379;0.181854;0.192799;0.1806;0.156386;0.12765;0.0991921;0.0737838;0.0527102;0.0362379;0.0240067;0.0153383;0.00945675;0.00562851;0.00323477;0.00179541;0.000962505;0.000498415;0.000249313;0.000120468;5.62308e-005;2.53542e-005;1.10432e-005;4.64623e-006;1.88824e-006;7.41236e-007;2.81053e-007;1.0293e-007;3.64086e-008;1.24385e-008;4.10417e-009;1.30786e-009;4.02504e-010;1.1963e-010;3.43373e-011;9.51776e-012;2.54766e-012;6.58531e-013;1.64374e-013;3.96192e-014;9.22115e-015;2.07237e-015;4.49721e-016;9.42344e-017;1.9066e-017;3.72467e-018;7.02572e-019;1.27956e-019;2.25007e-020;3.82025e-021;6.26241e-022;9.91158e-023;1;
0.434783;0;-7.97165;-2.9671;-1.35515;-0.603328;-0.203389;0.016425;0.132241;0.184456;0.19741;0.187018;0.1641;0.136002;0.107527;0.0815514;0.0595294;0.0419097;0.0284945;0.0187264;0.0119027;0.00731998;0.00435676;0.00251007;0.00139999;0.000755995;0.000395261;0.000200093;9.80768e-005;4.65465e-005;2.1389e-005;9.51634e-006;4.09938e-006;1.70972e-006;6.90372e-007;2.69887e-007;1.02144e-007;3.74251e-008;1.32747e-008;4.55816e-009;1.51512e-009;4.87516e-010;1.51847e-010;4.57816e-011;1.33609e-011;3.77426e-012;1.03198e-012;2.73118e-013;6.99618e-014;1.73459e-014;4.16246e-015;9.66756e-016;2.17316e-016;4.7279e-017;9.95504e-018;2.02866e-018;4.00097e-019;7.63667e-020;1.41066e-020;2.52183e-021;1;
0.463768;0;-7.89635;-2.93964;-1.34386;-0.599405;-0.202653;0.0164326;0.133021;0.186821;0.201626;0.192934;0.171282;0.143876;0.115499;0.0891072;0.0662897;0.047653;0.0331463;0.0223291;0.0145768;0.00922543;0.00566195;0.0033704;0.00194622;0.00109026;0.000592541;0.000312444;0.000159844;7.934e-005;3.82082e-005;1.78519e-005;8.09227e-006;3.55882e-006;1.51838e-006;6.28477e-007;2.5236e-007;9.83023e-008;3.7146e-008;1.36162e-008;4.84156e-009;1.66991e-009;5.58691e-010;1.81305e-010;5.70695e-011;1.74239e-011;5.15969e-012;1.48196e-012;4.12834e-013;1.11541e-013;2.92286e-014;7.42832e-015;1.83095e-015;4.37683e-016;1.0147e-016;2.2814e-017;4.97453e-018;1.05192e-018;2.15718e-019;4.29004e-020;1;
0.492754;0;-7.82617;-2.91427;-1.33351;-0.595821;-0.201982;0.0164396;0.133733;0.188984;0.205501;0.198409;0.177988;0.151309;0.123121;0.0964383;0.0729593;0.0534256;0.0379189;0.0261095;0.0174521;0.0113288;0.00714398;0.00437722;0.00260626;0.00150813;0.000848179;0.000463635;0.000246328;0.000127204;6.38472e-005;3.11478e-005;1.47691e-005;6.80635e-006;3.0486e-006;1.3271e-006;5.61459e-007;2.30851e-007;9.22437e-008;3.582e-008;1.35172e-008;4.95698e-009;1.76646e-009;6.11705e-010;2.05837e-010;6.73039e-011;2.13839e-011;6.60168e-012;1.98034e-012;5.7721e-013;1.63468e-013;4.49812e-014;1.2026e-014;3.12393e-015;7.88433e-016;1.93333e-016;4.60599e-017;1.06613e-017;2.39752e-018;5.23814e-019;1;
0.521739;0;-7.76059;-2.89074;-1.32396;-0.59253;-0.201367;0.016446;0.134385;0.190972;0.209078;0.203493;0.184266;0.158334;0.130408;0.103539;0.0795154;0.0591944;0.0427759;0.030034;0.0205022;0.0136128;0.008794;0.00552852;0.00338279;0.00201478;0.00116814;0.000659312;0.000362266;0.00019378;0.00010091;5.11564e-005;2.52466e-005;1.21293e-005;5.67276e-006;2.58266e-006;1.14459e-006;4.93774e-007;2.07348e-007;8.47527e-008;3.37196e-008;1.30581e-008;4.9219e-009;1.80567e-009;6.44748e-010;2.24067e-010;7.57873e-011;2.49482e-011;7.99282e-012;2.49214e-012;7.56227e-013;2.23322e-013;6.41812e-014;1.79504e-014;4.8857e-015;1.29408e-015;3.33558e-016;8.36671e-017;2.04224e-017;4.85092e-018;1;
0.550725;0;-7.69914;-2.86884;-1.31511;-0.589493;-0.200801;0.0164519;0.134986;0.192806;0.212392;0.208232;0.190158;0.164984;0.137376;0.110408;0.0859421;0.0649329;0.0476865;0.034073;0.0237023;0.0160595;0.0106015;0.00682011;0.00427632;0.00261364;0.00155722;0.000904485;0.000512165;0.000282736;0.000152166;7.9839e-005;4.08388e-005;2.03649e-005;9.90013e-006;4.69179e-006;2.16755e-006;9.76165e-007;4.28543e-007;1.83389e-007;7.6499e-008;3.1105e-008;1.23279e-008;4.76243e-009;1.79324e-009;6.58134e-010;2.35422e-010;8.20791e-011;2.7891e-011;9.23708e-012;2.98154e-012;9.37938e-013;2.87563e-013;8.59231e-014;2.50208e-014;7.10073e-015;1.96386e-015;5.29319e-016;1.39035e-016;3.55895e-017;1;
0.57971;0;-7.64141;-2.84839;-1.30689;-0.586681;-0.200278;0.0164574;0.135541;0.194507;0.215476;0.212661;0.195701;0.171288;0.144042;0.117049;0.0922285;0.0706208;0.0526252;0.0382003;0.0270295;0.0186513;0.0125549;0.00824619;0.0052856;0.00330661;0.00201907;0.00120343;0.000700165;0.00039765;0.000220457;0.000119307;6.30272e-005;3.25015e-005;1.63601e-005;8.03843e-006;3.85523e-006;1.80474e-006;8.24632e-007;3.67771e-007;1.60088e-007;6.80138e-008;2.82023e-008;1.14134e-008;4.50798e-009;1.73771e-009;6.53727e-010;2.40011e-010;8.59959e-011;3.00697e-011;1.02608e-011;3.41684e-012;1.11035e-012;3.52109e-013;1.08962e-013;3.2904e-014;9.69602e-015;2.78808e-015;7.82311e-016;2.14197e-016;1;
0.608696;0;-7.58705;-2.82924;-1.29923;-0.584066;-0.199793;0.0164624;0.136057;0.196089;0.218353;0.216813;0.200927;0.177273;0.150422;0.123465;0.0983679;0.0762422;0.0575707;0.0423932;0.0304628;0.0213711;0.0146423;0.00979979;0.00640796;0.00409418;0.00255619;0.00155962;0.000929947;0.000541902;0.000308609;0.00017176;9.34245e-005;4.96613e-005;2.57983e-005;1.3097e-005;6.49766e-006;3.15019e-006;1.49246e-006;6.9096e-007;3.1259e-007;1.38186e-007;5.96917e-008;2.51951e-008;1.03912e-008;4.18748e-009;1.64882e-009;6.34342e-010;2.38448e-010;8.75753e-011;3.14253e-011;1.10175e-011;3.77387e-012;1.26295e-012;4.12932e-013;1.31904e-013;4.1164e-014;1.25504e-014;3.73828e-015;1.08782e-015;1;
0.637681;0;-7.53575;-2.81126;-1.29206;-0.581626;-0.19934;0.0164671;0.136537;0.197565;0.221046;0.220715;0.205864;0.182963;0.156533;0.129664;0.104356;0.0817851;0.0625056;0.046632;0.0339833;0.024203;0.0168516;0.0114732;0.00763962;0.0049757;0.00317006;0.00197576;0.00120468;0.0007186;0.000419359;0.000239425;0.000133733;7.30775e-005;3.90666e-005;2.04314e-005;1.04533e-005;5.232e-006;2.56172e-006;1.22699e-006;5.74891e-007;2.63488e-007;1.18129e-007;5.18052e-008;2.22228e-008;9.32453e-009;3.82695e-009;1.53628e-009;6.0322e-010;2.31665e-010;8.70205e-011;3.19707e-011;1.14881e-011;4.03744e-012;1.38778e-012;4.66536e-013;1.5339e-013;4.93237e-014;1.55114e-014;4.77074e-015;1;
0.666667;0;-7.48724;-2.79433;-1.28533;-0.579343;-0.198918;0.0164715;0.136986;0.198947;0.223575;0.224392;0.210537;0.18838;0.16239;0.135651;0.110193;0.0872403;0.0674156;0.0508998;0.0375738;0.0271318;0.0191709;0.0132582;0.00897595;0.00594952;0.00386123;0.00245379;0.00152699;0.000930525;0.000555291;0.000324502;0.000185701;0.000104067;5.71092e-005;3.06895e-005;1.61495e-005;8.3216e-006;4.19883e-006;2.07451e-006;1.0036e-006;4.75401e-007;2.20498e-007;1.00136e-007;4.45255e-008;1.93845e-008;8.2627e-009;3.4483e-009;1.40896e-009;5.63633e-010;2.20747e-010;8.4642e-011;3.17737e-011;1.16771e-011;4.20129e-012;1.47981e-012;5.10275e-013;1.72254e-013;5.69245e-014;1.84158e-014;1;
0.695652;0;-7.44128;-2.77835;-1.27901;-0.577201;-0.198522;0.0164756;0.137407;0.200245;0.225954;0.227864;0.214969;0.193544;0.168009;0.141436;0.115877;0.0926014;0.072289;0.0551822;0.0412194;0.0301436;0.0215888;0.0151465;0.0104118;0.00701321;0.00462945;0.00299495;0.00189896;0.00118009;0.000718788;0.000429113;0.000251089;0.000144002;8.09446e-005;4.45948e-005;2.40798e-005;1.27434e-005;6.60963e-006;3.35987e-006;1.67384e-006;8.17232e-007;3.91031e-007;1.8336e-007;8.42595e-008;3.79445e-008;1.67452e-008;7.24158e-009;3.06885e-009;1.27442e-009;5.18605e-010;2.06797e-010;8.08037e-011;3.0938e-011;1.16071e-011;4.26696e-012;1.53701e-012;5.42489e-013;1.87612e-013;6.35741e-014;1;
0.724638;0;-7.39765;-2.76325;-1.27304;-0.575186;-0.19815;0.0164794;0.137802;0.201466;0.228198;0.231149;0.219179;0.198473;0.173403;0.147026;0.12141;0.0978637;0.0771165;0.0594668;0.0449067;0.0332257;0.0240945;0.0171298;0.0119414;0.00816373;0.00547378;0.00359983;0.00232215;0.00146935;0.000912;0.000555267;0.000331625;0.000194281;0.000111647;6.29354e-005;3.47991e-005;1.88739e-005;1.00409e-005;5.23947e-006;2.68168e-006;1.34624e-006;6.62872e-007;3.20126e-007;1.51632e-007;7.04419e-008;3.20952e-008;1.4342e-008;6.28543e-009;2.70154e-009;1.13877e-009;4.70758e-010;1.90853e-010;7.58804e-011;2.95862e-011;1.13129e-011;4.24204e-012;1.55989e-012;5.62501e-013;1.98913e-013;1;
0.753623;0;-7.35618;-2.74894;-1.26741;-0.573285;-0.197799;0.0164831;0.138175;0.202618;0.23032;0.234263;0.223185;0.203185;0.178586;0.152429;0.126795;0.103024;0.0818905;0.0637431;0.0486238;0.0363665;0.0266776;0.0191998;0.0135592;0.00939757;0.0063927;0.00426844;0.00279764;0.00179996;0.00113682;0.000704827;0.000428981;0.000256305;0.000150326;8.6551e-005;4.89172e-005;2.71393e-005;1.47801e-005;7.90124e-006;4.14613e-006;2.13558e-006;1.07971e-006;5.35814e-007;2.60992e-007;1.24779e-007;5.85536e-008;2.69685e-008;1.21912e-008;5.40896e-009;2.35537e-009;1.00664e-009;4.22239e-010;1.73821e-010;7.02272e-011;2.7846e-011;1.0836e-011;4.13829e-012;1.55102e-012;5.70493e-013;1;
0.782609;0;-7.31668;-2.73536;-1.26207;-0.571488;-0.197468;0.0164865;0.138527;0.203707;0.232329;0.237221;0.227002;0.207693;0.183569;0.157654;0.132035;0.108081;0.0866052;0.0680024;0.0523605;0.0395554;0.0293284;0.0213486;0.0152591;0.0107109;0.00738424;0.00500033;0.00332603;0.00217321;0.00139487;0.000879489;0.000544742;0.000331448;0.000198109;0.000116319;6.70895e-005;3.80109e-005;2.11548e-005;1.15651e-005;6.21049e-006;3.27591e-006;1.69731e-006;8.63789e-007;4.31785e-007;2.11999e-007;1.02235e-007;4.84245e-008;2.25279e-008;1.02935e-008;4.61939e-009;2.03603e-009;8.81364e-010;3.74709e-010;1.56458e-010;6.41593e-011;2.58392e-011;1.02199e-011;3.96979e-012;1.51437e-012;1;
0.811594;0;-7.27902;-2.72244;-1.25701;-0.569786;-0.197155;0.0164898;0.13886;0.204739;0.234237;0.240035;0.230646;0.212012;0.188364;0.162707;0.137133;0.113033;0.0912559;0.0722371;0.0561076;0.042783;0.0320382;0.0235685;0.0170351;0.0120996;0.00844604;0.0057946;0.00390754;0.00259005;0.00168752;0.00108077;0.000680389;0.000421044;0.000256118;0.000153142;9.00086e-005;5.20004e-005;2.95295e-005;1.64827e-005;9.04314e-006;4.87664e-006;2.58481e-006;1.3466e-006;6.89512e-007;3.47005e-007;1.71638e-007;8.34396e-008;3.98662e-008;1.87201e-008;8.63922e-009;3.91834e-009;1.74657e-009;7.65104e-010;3.29384e-010;1.39357e-010;5.79422e-011;2.36754e-011;9.50674e-012;3.75142e-012;1;
0.84058;0;-7.24304;-2.71014;-1.2522;-0.568172;-0.196858;0.0164928;0.139176;0.205719;0.23605;0.242716;0.234127;0.216154;0.192982;0.167597;0.142094;0.117881;0.0958392;0.0764411;0.0598573;0.0460407;0.0347987;0.0258524;0.0188816;0.0135595;0.00957548;0.00664998;0.004542;0.0030511;0.00201586;0.00130998;0.000837281;0.00052636;0.00032546;0.000197931;0.000118394;6.96528e-005;4.0303e-005;2.29362e-005;1.28376e-005;7.0668e-006;3.82587e-006;2.03705e-006;1.06667e-006;5.49305e-007;2.78192e-007;1.38554e-007;6.78629e-008;3.26873e-008;1.5483e-008;7.21197e-009;3.30349e-009;1.48802e-009;6.59107e-010;2.87086e-010;1.22962e-010;5.17881e-011;2.1448e-011;8.73448e-012;1;
0.869565;0;-7.20864;-2.69841;-1.24762;-0.566637;-0.196576;0.0164958;0.139476;0.20665;0.237777;0.245275;0.237459;0.220131;0.197433;0.172332;0.146921;0.122625;0.100352;0.0806093;0.0636028;0.0493208;0.0376022;0.0281933;0.0207929;0.0150864;0.0107697;0.00756494;0.00522893;0.00355667;0.00238073;0.00156825;0.00101665;0.000648589;0.000407208;0.000251598;0.000152982;9.15406e-005;5.39038e-005;3.1236e-005;1.78121e-005;9.99532e-006;5.51939e-006;2.99913e-006;1.60363e-006;8.43746e-007;4.36831e-007;2.22538e-007;1.11553e-007;5.50219e-008;2.67034e-008;1.27517e-008;5.99149e-009;2.76991e-009;1.25995e-009;5.63893e-010;2.48308e-010;1.0758e-010;4.58581e-011;1.92327e-011;1;
0.898551;0;-7.1757;-2.6872;-1.24325;-0.565175;-0.196307;0.0164985;0.139761;0.207537;0.239423;0.24772;0.240651;0.223953;0.201726;0.176917;0.151618;0.127267;0.104793;0.0847373;0.0673379;0.0526166;0.0404418;0.0305848;0.0227633;0.0166759;0.0120258;0.00853769;0.00596758;0.00410681;0.00278272;0.00185653;0.00121957;0.000788836;0.000502389;0.00031504;0.000194518;0.000118256;7.0786e-005;4.17187e-005;2.42085e-005;1.3831e-005;7.78007e-006;4.30876e-006;2.34939e-006;1.26121e-006;6.66567e-007;3.46832e-007;1.77668e-007;8.96002e-008;4.44851e-008;2.17431e-008;1.04623e-008;4.9559e-009;2.31104e-009;1.06091e-009;4.79437e-010;2.13286e-010;9.34044e-011;4.02665e-011;1;
0.927536;0;-7.14412;-2.67648;-1.23909;-0.563782;-0.196051;0.0165012;0.140033;0.208383;0.240996;0.25006;0.243712;0.227629;0.20587;0.181361;0.15619;0.131806;0.109161;0.0888216;0.0710577;0.0559219;0.0433111;0.0330208;0.0247878;0.0183238;0.0133405;0.00956626;0.00675696;0.0047013;0.00322223;0.00217557;0.00144701;0.000948112;0.000611974;0.000389128;0.000243745;0.000150404;9.14238e-005;5.47435e-005;3.22904e-005;1.8762e-005;1.07385e-005;6.05427e-006;3.36225e-006;1.83926e-006;9.91046e-007;5.25994e-007;2.74978e-007;1.41593e-007;7.18134e-008;3.58746e-008;1.76515e-008;8.55433e-009;4.08315e-009;1.91958e-009;8.88821e-010;4.05337e-010;1.82058e-010;8.05363e-011;1;
0.956522;0;-7.11381;-2.66621;-1.2351;-0.562451;-0.195807;0.0165037;0.140293;0.209191;0.242501;0.252302;0.246652;0.231168;0.209872;0.185669;0.160641;0.136247;0.113456;0.0928595;0.0747577;0.0592313;0.0462044;0.0354959;0.0268612;0.0200261;0.0147109;0.0106485;0.00759588;0.00533975;0.00369941;0.00252593;0.00169978;0.00112733;0.000736874;0.000474704;0.000301395;0.000188596;0.000116307;7.0689e-005;4.23418e-005;2.49949e-005;1.4541e-005;8.33671e-006;4.71027e-006;2.62267e-006;1.43908e-006;7.78146e-007;4.1464e-007;2.17726e-007;1.12661e-007;5.74456e-008;2.8864e-008;1.42912e-008;6.97248e-009;3.35206e-009;1.58795e-009;7.4124e-010;3.40938e-010;1.54519e-010;1;
0.985507;0;-7.08469;-2.65637;-1.23128;-0.561178;-0.195574;0.0165061;0.140541;0.209964;0.243941;0.254452;0.249477;0.234579;0.213741;0.189847;0.164975;0.140589;0.117676;0.0968487;0.0784341;0.0625401;0.0491164;0.0380046;0.0289789;0.0217786;0.0161337;0.0117823;0.00848299;0.00602154;0.00421425;0.00290802;0.00197853;0.00132728;0.000877926;0.000572567;0.000368186;0.000233442;0.000145934;8.99497e-005;5.4664e-005;3.27535e-005;1.93493e-005;1.12699e-005;6.47165e-006;3.66393e-006;2.04509e-006;1.1254e-006;6.10551e-007;3.26556e-007;1.7219e-007;8.95099e-008;4.58712e-008;2.31746e-008;1.15421e-008;5.66696e-009;2.7429e-009;1.30875e-009;6.15588e-010;2.85434e-010;1;
1.01449;0;-7.05668;-2.64692;-1.22763;-0.559959;-0.195351;0.0165084;0.140779;0.210704;0.245322;0.256517;0.252196;0.237869;0.217483;0.193902;0.169197;0.144836;0.121822;0.100787;0.0820837;0.0658439;0.0520423;0.0405423;0.0311362;0.0235775;0.0176059;0.0129653;0.00941682;0.00674591;0.00476657;0.00332209;0.00228382;0.00154869;0.0010359;0.000683472;0.000444811;0.000285548;0.000180812;0.000112932;6.95737e-005;4.22773e-005;2.53396e-005;1.49802e-005;8.73484e-006;5.02354e-006;2.84955e-006;1.59423e-006;8.79689e-007;4.78747e-007;2.56967e-007;1.36032e-007;7.10215e-008;3.65698e-008;1.8571e-008;9.30086e-009;4.59392e-009;2.23776e-009;1.075e-009;5.0929e-010;1;
1.04348;0;-7.02972;-2.63784;-1.22412;-0.55879;-0.195137;0.0165107;0.141006;0.211414;0.246648;0.258502;0.254815;0.241045;0.221105;0.197838;0.173309;0.14899;0.125894;0.104674;0.0857037;0.069139;0.0549778;0.0431044;0.033329;0.025419;0.0191243;0.0141952;0.0103958;0.00751195;0.00535603;0.00376824;0.00261605;0.00179214;0.00121148;0.000808122;0.000531933;0.000345505;0.000221444;0.00014005;8.73999e-005;5.38197e-005;3.27017e-005;1.96062e-005;1.15986e-005;6.77026e-006;3.89929e-006;2.21587e-006;1.24244e-006;6.87344e-007;3.75179e-007;2.02052e-007;1.07361e-007;5.62836e-008;2.91116e-008;1.48558e-008;7.47946e-009;3.7152e-009;1.82067e-009;8.80262e-010;1;
1.07246;0;-7.00374;-2.6291;-1.22074;-0.557669;-0.194932;0.0165128;0.141225;0.212095;0.247923;0.260412;0.257339;0.244113;0.224612;0.201662;0.177317;0.153053;0.129893;0.108509;0.0892918;0.0724222;0.057919;0.0456869;0.0355532;0.0272996;0.020686;0.0154697;0.0114183;0.00831867;0.00598217;0.00424645;0.00297552;0.00205813;0.00140527;0.000947166;0.000630184;0.000413889;0.000268332;0.000171724;0.000108481;6.76461e-005;4.16378e-005;2.52981e-005;1.51718e-005;8.9812e-006;5.24774e-006;3.02655e-006;1.72289e-006;9.68043e-007;5.36857e-007;2.93862e-007;1.58762e-007;8.4657e-008;4.45544e-008;2.31432e-008;1.18648e-008;6.00342e-009;2.99801e-009;1.47761e-009;1;
1.10145;0;-6.97868;-2.62069;-1.2175;-0.556591;-0.194735;0.0165148;0.141434;0.21275;0.249148;0.262252;0.259774;0.247078;0.228011;0.205377;0.181223;0.157026;0.13382;0.112289;0.0928461;0.0756904;0.0608624;0.0482859;0.0378052;0.0292158;0.0222881;0.0167864;0.0124825;0.00916494;0.00664441;0.00475656;0.0033624;0.00234708;0.00161783;0.0011012;0.000740156;0.000491255;0.000321969;0.000208373;0.000133164;8.4032e-005;5.23615e-005;3.22171e-005;1.95732e-005;1.17418e-005;6.95507e-006;4.06778e-006;2.34909e-006;1.33944e-006;7.54089e-007;4.19176e-007;2.3006e-007;1.24667e-007;6.66997e-008;3.52335e-008;1.83757e-008;9.46204e-009;4.81033e-009;2.41441e-009;1;
1.13043;0;-6.95449;-2.61258;-1.21438;-0.555554;-0.194545;0.0165168;0.141636;0.21338;0.250328;0.264026;0.262126;0.249948;0.231307;0.208989;0.185032;0.160914;0.137676;0.116016;0.0963649;0.0789412;0.0638047;0.0508979;0.0400815;0.0311644;0.0239276;0.018143;0.0135868;0.0100496;0.00734206;0.00529833;0.00377676;0.00265928;0.0018496;0.00127075;0.000862403;0.000578135;0.000382837;0.000250416;0.000161797;0.000103261;6.50959e-005;4.05342e-005;2.49307e-005;1.51457e-005;9.08829e-006;5.38652e-006;3.15329e-006;1.82324e-006;1.04123e-006;5.87311e-007;3.27192e-007;1.80032e-007;9.78367e-008;5.2512e-008;2.78366e-008;1.45737e-008;7.53562e-009;3.84821e-009;1;
1.15942;0;-6.93113;-2.60476;-1.21137;-0.554556;-0.194363;0.0165187;0.14183;0.213987;0.251466;0.265737;0.264398;0.252726;0.234505;0.212502;0.188747;0.164718;0.141461;0.119689;0.099847;0.0821723;0.0667432;0.0535198;0.0423787;0.0331422;0.0256019;0.0195372;0.0147294;0.0109713;0.00807436;0.00587139;0.00421859;0.00299497;0.00210097;0.0014563;0.000997436;0.000675031;0.000451402;0.000298265;0.000194732;0.000125622;8.00723e-005;5.04296e-005;3.13813e-005;1.92945e-005;1.17212e-005;7.03526e-006;4.1721e-006;2.44451e-006;1.4151e-006;8.09352e-007;4.5734e-007;2.55323e-007;1.40826e-007;7.67396e-008;4.13136e-008;2.19736e-008;1.15462e-008;5.99389e-009;1;
1.18841;0;-6.90854;-2.59721;-1.20847;-0.553594;-0.194187;0.0165205;0.142017;0.214571;0.252563;0.26739;0.266596;0.255417;0.237609;0.21592;0.192372;0.16844;0.145177;0.123308;0.103291;0.0853818;0.0696753;0.0561487;0.0446939;0.0351464;0.0273083;0.0209668;0.0159084;0.011929;0.00884048;0.00647531;0.00468777;0.00335427;0.00237224;0.00165826;0.00114572;0.000782416;0.000528112;0.000352325;0.000232319;0.000151408;9.75288e-005;6.20915e-005;3.90699e-005;2.42975e-005;1.49343e-005;9.07209e-006;5.44662e-006;3.23176e-006;1.89514e-006;1.09832e-006;6.29068e-007;3.56078e-007;1.9919e-007;1.10119e-007;6.01622e-008;3.24827e-008;1.73317e-008;9.13884e-009;1;
1.21739;0;-6.88668;-2.58991;-1.20567;-0.552666;-0.194018;0.0165222;0.142197;0.215135;0.253622;0.268987;0.268723;0.258025;0.240624;0.219248;0.195909;0.172082;0.148826;0.126873;0.106697;0.0885681;0.0725987;0.0587819;0.0470243;0.0371743;0.0290443;0.0224297;0.0171222;0.0129211;0.00963952;0.00710958;0.00518411;0.00373725;0.00266368;0.00187701;0.00130769;0.000900734;0.000613398;0.000412989;0.000274906;0.000180915;0.000117708;7.57146e-005;4.81489e-005;3.02709e-005;1.88145e-005;1.15607e-005;7.02255e-006;4.21719e-006;2.5036e-006;1.46932e-006;8.52457e-007;4.88914e-007;2.77199e-007;1.55362e-007;8.60784e-008;4.71445e-008;2.55244e-008;1.36604e-008;1;
1.24638;0;-6.86552;-2.58286;-1.20296;-0.55177;-0.193854;0.0165239;0.142371;0.21568;0.254645;0.270532;0.270782;0.260555;0.243554;0.222488;0.199362;0.175648;0.152408;0.130384;0.110063;0.0917296;0.0755114;0.0614169;0.0493672;0.0392231;0.0308075;0.0239237;0.0183691;0.0139464;0.0104705;0.00777363;0.00570736;0.0041439;0.00297545;0.00211283;0.00148371;0.00103039;0.000707665;0.000480641;0.000322834;0.000214437;0.000140858;9.14995e-005;5.87773e-005;3.73379e-005;2.3455e-005;1.45701e-005;8.95017e-006;5.43667e-006;3.26563e-006;1.93967e-006;1.13924e-006;6.61638e-007;3.79966e-007;2.15767e-007;1.21153e-007;6.72657e-008;3.69282e-008;2.00459e-008;1;
1.27536;0;-6.84503;-2.57603;-1.20034;-0.550905;-0.193697;0.0165255;0.142539;0.216206;0.255635;0.272028;0.272778;0.263011;0.246402;0.225645;0.202734;0.179138;0.155924;0.133842;0.11339;0.0948652;0.0784115;0.0640515;0.0517202;0.0412905;0.0325956;0.0254467;0.0196472;0.0150035;0.0113326;0.00846682;0.00625718;0.00457416;0.00330766;0.00236599;0.00167412;0.00117177;0.000811298;0.000555645;0.000376437;0.000252268;0.000167226;0.000109651;7.11196e-005;4.56275e-005;2.8955e-005;1.8175e-005;1.12844e-005;6.9299e-006;4.20942e-006;2.52905e-006;1.5029e-006;8.83358e-007;5.13541e-007;2.95284e-007;1.67931e-007;9.44586e-008;5.25499e-008;2.89146e-008;1;
1.30435;0;-6.82515;-2.56942;-1.19781;-0.550068;-0.193544;0.0165271;0.142702;0.216715;0.256593;0.273476;0.274714;0.265396;0.249173;0.228722;0.206028;0.182556;0.159377;0.137248;0.116676;0.0979738;0.0812974;0.0666838;0.0540811;0.0433742;0.0344064;0.0269968;0.0209549;0.0160912;0.0122246;0.00918849;0.00683321;0.00502787;0.00366039;0.00263668;0.00187922;0.00132521;0.000924654;0.000638353;0.00043604;0.000294696;0.000197061;0.000130378;8.53454e-005;5.52745e-005;3.5419e-005;2.24548e-005;1.40845e-005;8.74038e-006;5.36625e-006;3.25956e-006;1.95882e-006;1.16458e-006;6.84992e-007;3.98599e-007;2.29467e-007;1.30687e-007;7.36331e-008;4.10428e-008;1;
1.33333;0;-6.80587;-2.56302;-1.19536;-0.549258;-0.193396;0.0165286;0.142859;0.217208;0.25752;0.27488;0.276592;0.267713;0.251869;0.231722;0.209246;0.185904;0.162768;0.140601;0.119922;0.101055;0.0841676;0.0693118;0.0564478;0.0454721;0.0362377;0.0285721;0.0222906;0.0172079;0.0131456;0.00993791;0.007435;0.00550486;0.00403363;0.00292506;0.00209925;0.00149101;0.00104807;0.000729098;0.00050196;0.000342008;0.000230613;0.00015389;0.000101628;6.64183e-005;4.29567e-005;2.74941e-005;1.74145e-005;1.09154e-005;6.77056e-006;4.15586e-006;2.52433e-006;1.51732e-006;9.02502e-007;5.31202e-007;3.09391e-007;1.78315e-007;1.01695e-007;5.73901e-008;1;
1.36232;0;-6.78716;-2.5568;-1.19299;-0.548474;-0.193254;0.0165301;0.143011;0.217685;0.258418;0.276241;0.278415;0.269965;0.254495;0.234649;0.212391;0.189183;0.166097;0.143903;0.123128;0.104107;0.087021;0.0719339;0.0588184;0.047582;0.0380877;0.0301707;0.0236526;0.0183525;0.0140946;0.0107143;0.00806208;0.00600488;0.00442735;0.00323123;0.00233442;0.00166946;0.00118185;0.000828194;0.000574497;0.00039448;0.000268128;0.000180399;0.000120144;7.92026e-005;5.16825e-005;3.3382e-005;2.13423e-005;1.3506e-005;8.45995e-006;5.24516e-006;3.21882e-006;1.95514e-006;1.17544e-006;6.99461e-007;4.11965e-007;2.40153e-007;1.38563e-007;7.9128e-008;1;
1.3913;0;-6.76899;-2.55078;-1.19069;-0.547714;-0.193115;0.0165316;0.143158;0.218147;0.25929;0.277562;0.280186;0.272156;0.257052;0.237504;0.215466;0.192395;0.169367;0.147154;0.126293;0.10713;0.0898564;0.0745485;0.061191;0.0497022;0.0399544;0.0317909;0.0250394;0.0195235;0.0150704;0.011517;0.00871394;0.00652766;0.00484144;0.00355524;0.00258489;0.00186079;0.00132627;0.000935938;0.000653942;0.000452384;0.000309848;0.000210116;0.000141072;9.37743e-005;6.17148e-005;4.02118e-005;2.59401e-005;1.6567e-005;1.04752e-005;6.55732e-006;4.0638e-006;2.49332e-006;1.51446e-006;9.10693e-007;5.42145e-007;3.19511e-007;1.86415e-007;1.0767e-007;1;
1.42029;0;-6.75133;-2.54493;-1.18845;-0.546977;-0.192981;0.0165329;0.143301;0.218595;0.260135;0.278845;0.281908;0.274288;0.259545;0.240291;0.218473;0.195543;0.172578;0.150355;0.129419;0.110123;0.0926727;0.0771544;0.0635642;0.0518309;0.0418361;0.0334309;0.0264495;0.0207197;0.0160721;0.0123451;0.00939004;0.00707287;0.00527577;0.00389711;0.00285081;0.00206521;0.0014816;0.0010526;0.00074057;0.000515981;0.000356012;0.000243252;0.000164591;0.000110283;7.31756e-005;4.80808e-005;3.1284e-005;2.01565e-005;1.28602e-005;8.12483e-006;5.08294e-006;3.1488e-006;1.93153e-006;1.17323e-006;7.05642e-007;4.20246e-007;2.47821e-007;1.44706e-007;1;
1.44928;0;-6.73416;-2.53924;-1.18629;-0.546263;-0.192851;0.0165343;0.14344;0.21903;0.260956;0.280091;0.283582;0.276364;0.261974;0.243012;0.221414;0.198629;0.175732;0.153507;0.132504;0.113086;0.0954692;0.0797502;0.0659363;0.0539664;0.0437311;0.0350893;0.0278813;0.0219399;0.0170986;0.0131979;0.0100898;0.00764015;0.00573018;0.00425683;0.00313227;0.0022829;0.00164805;0.00117844;0.000834644;0.000585524;0.000406854;0.000280014;0.000190882;0.000128882;8.619e-005;5.70897e-005;3.74534e-005;2.43363e-005;1.56618e-005;9.98285e-006;6.30211e-006;3.94035e-006;2.44004e-006;1.49648e-006;9.08974e-007;5.46812e-007;3.25782e-007;1.92228e-007;1;
1.47826;0;-6.71746;-2.53372;-1.18418;-0.545569;-0.192725;0.0165356;0.143574;0.219452;0.261753;0.281302;0.285211;0.278386;0.264344;0.24567;0.224292;0.201654;0.178831;0.156611;0.135549;0.116019;0.098245;0.0823349;0.068306;0.0561071;0.0456378;0.0367644;0.0293336;0.0231827;0.0181488;0.0140745;0.0108126;0.00822912;0.00620446;0.00463434;0.00342932;0.002514;0.00182584;0.0013137;0.000936407;0.000661255;0.000462601;0.000320607;0.000220124;0.000149723;0.000100886;6.73426e-005;4.45314e-005;2.91713e-005;1.89301e-005;1.21691e-005;7.7494e-006;4.88852e-006;3.05482e-006;1.89098e-006;1.15953e-006;7.0431e-007;4.23773e-007;2.52573e-007;1;
1.50725;0;-6.7012;-2.52835;-1.18214;-0.544895;-0.192602;0.0165369;0.143705;0.219862;0.262528;0.282481;0.286796;0.280356;0.266656;0.248267;0.227108;0.204619;0.181875;0.159666;0.138555;0.118921;0.101;0.0849074;0.070672;0.0582517;0.0475547;0.0384548;0.0308048;0.024447;0.0192218;0.0149741;0.011558;0.00883937;0.00669836;0.00502954;0.00374199;0.00275864;0.00201513;0.00145857;0.00104609;0.000743405;0.000523472;0.000365234;0.000252497;0.00017296;0.000117392;7.8946e-005;5.26038e-005;3.47294e-005;2.27179e-005;1.4724e-005;9.45512e-006;6.01574e-006;3.79219e-006;2.36846e-006;1.4656e-006;8.9853e-007;5.4578e-007;3.28449e-007;1;
1.53623;0;-6.68537;-2.52312;-1.18015;-0.54424;-0.192483;0.0165381;0.143832;0.220261;0.263281;0.283627;0.28834;0.282276;0.268913;0.250806;0.229866;0.207528;0.184867;0.162675;0.141522;0.121793;0.103732;0.0874669;0.0730332;0.0603989;0.0494804;0.0401591;0.0322937;0.0257315;0.0203165;0.015896;0.0123251;0.00947045;0.00721163;0.00544232;0.00407029;0.00301689;0.00221609;0.00161327;0.00116391;0.000832192;0.000589679;0.00041409;0.000288177;0.000198749;0.00013584;9.20088e-005;6.17594e-005;4.10816e-005;2.70806e-005;1.76903e-005;1.14518e-005;7.34628e-006;4.67002e-006;2.94187e-006;1.83644e-006;1.136e-006;6.96346e-007;4.22974e-007;1;
1.56522;0;-6.66995;-2.51804;-1.17821;-0.543603;-0.192367;0.0165393;0.143955;0.220648;0.264014;0.284743;0.289845;0.28415;0.271116;0.253288;0.232566;0.210381;0.187807;0.165639;0.144449;0.124634;0.106443;0.0900125;0.0753885;0.0625473;0.0514137;0.0418759;0.0337991;0.0270352;0.021432;0.0168392;0.0131135;0.0101219;0.00774397;0.00587252;0.00441417;0.00328882;0.00242883;0.00177796;0.00129006;0.000927823;0.000661427;0.000467369;0.000327338;0.000227241;0.000156362;0.000106642;7.20893e-005;4.83012e-005;3.20765e-005;2.11133e-005;1.3774e-005;8.90628e-006;5.70773e-006;3.62542e-006;2.28233e-006;1.42403e-006;8.80602e-007;5.39706e-007;1;
1.5942;0;-6.65493;-2.51308;-1.17633;-0.542983;-0.192254;0.0165404;0.144075;0.221025;0.264727;0.28583;0.291311;0.285977;0.273269;0.255716;0.23521;0.213179;0.190696;0.168557;0.147339;0.127444;0.109131;0.0925434;0.0777369;0.0646959;0.0533531;0.043604;0.0353196;0.0283569;0.0225673;0.017803;0.0139224;0.0107933;0.00829506;0.00631998;0.00477359;0.00357447;0.00265347;0.00195279;0.00142473;0.00103049;0.000738911;0.000525255;0.000370151;0.000258591;0.000179091;0.000122958;8.36866e-005;5.64642e-005;3.77662e-005;2.50406e-005;1.64586e-005;1.07237e-005;6.92631e-006;4.43462e-006;2.81454e-006;1.77074e-006;1.10431e-006;6.82679e-007;1;
1.62319;0;-6.64028;-2.50825;-1.17449;-0.54238;-0.192145;0.0165416;0.144192;0.221393;0.265422;0.286889;0.292741;0.287761;0.275372;0.258091;0.237801;0.215926;0.193536;0.17143;0.15019;0.130224;0.111795;0.0950592;0.0800775;0.0668435;0.0552976;0.0453422;0.0368543;0.0296956;0.0237213;0.0187865;0.0147513;0.0114841;0.00886458;0.00678449;0.00514846;0.00387384;0.00289009;0.0021379;0.00156808;0.00114039;0.000822315;0.000587929;0.000416783;0.000292949;0.000204158;0.000141069;9.66462e-005;6.56483e-005;4.42125e-005;2.9522e-005;1.95444e-005;1.28285e-005;8.34831e-006;5.3863e-006;3.44547e-006;2.18509e-006;1.37389e-006;8.56431e-007;1;
1.65217;0;-6.62599;-2.50355;-1.17271;-0.541792;-0.192038;0.0165427;0.144306;0.22175;0.266099;0.287922;0.294136;0.289503;0.277428;0.260415;0.24034;0.218621;0.196328;0.174261;0.153005;0.132972;0.114437;0.0975591;0.0824095;0.0689893;0.0572461;0.0470894;0.0384018;0.0310501;0.0248933;0.0197891;0.0155994;0.0121939;0.00945218;0.00726583;0.00553868;0.00418694;0.00313876;0.0023334;0.00172025;0.00125767;0.000911815;0.000655564;0.000467399;0.000330463;0.000231695;0.00016109;0.000111064;7.59335e-005;5.14803e-005;3.46095e-005;2.30724e-005;1.52521e-005;9.99787e-006;6.4986e-006;4.18856e-006;2.67695e-006;1.69646e-006;1.06604e-006;1;
1.68116;0;-6.61204;-2.49896;-1.17097;-0.54122;-0.191934;0.0165437;0.144416;0.222099;0.266759;0.288929;0.295498;0.291204;0.279438;0.26269;0.242829;0.221267;0.199073;0.177048;0.155782;0.135691;0.117055;0.100043;0.0847322;0.0711321;0.0591976;0.0488444;0.0399613;0.0324196;0.0260822;0.0208098;0.0164662;0.012922;0.0100575;0.00776378;0.00594412;0.00451371;0.0033995;0.0025394;0.0018814;0.0013825;0.00100758;0.000728325;0.000522155;0.000371279;0.000261834;0.000183135;0.000127039;8.74013e-005;5.96366e-005;4.03569e-005;2.70852e-005;1.80281e-005;1.19007e-005;7.79101e-006;5.0584e-006;3.25707e-006;2.07986e-006;1.31713e-006;1;
1.71014;0;-6.59843;-2.49449;-1.16927;-0.540662;-0.191833;0.0165448;0.144524;0.222438;0.267403;0.289912;0.296827;0.292867;0.281404;0.264918;0.245269;0.223865;0.201773;0.179794;0.158522;0.138379;0.11965;0.10251;0.0870449;0.0732713;0.061151;0.0506063;0.0415315;0.0338029;0.0272872;0.021848;0.017351;0.0136681;0.0106801;0.00827807;0.00636463;0.00485412;0.00367235;0.00275596;0.00205162;0.00151501;0.00110976;0.000806372;0.000581207;0.000415542;0.000294703;0.000207318;0.000144668;0.000100134;6.87498e-005;4.682e-005;3.16274e-005;2.11915e-005;1.4084e-005;9.28434e-006;6.07068e-006;3.93714e-006;2.53267e-006;1.61595e-006;1;
1.73913;0;-6.58513;-2.49012;-1.16761;-0.540118;-0.191734;0.0165458;0.14463;0.222769;0.26803;0.290871;0.298125;0.294492;0.283327;0.2671;0.247662;0.226416;0.204428;0.1825;0.161227;0.141037;0.12222;0.104959;0.0893469;0.0754059;0.0631055;0.0523741;0.0431117;0.0351993;0.0285075;0.0229028;0.0182531;0.0144317;0.0113197;0.00880844;0.00680006;0.0052081;0.00395731;0.00298315;0.00223103;0.00165535;0.00121851;0.000889854;0.000644702;0.00046339;0.00033043;0.000233753;0.000164049;0.000114217;7.88899e-005;5.40563e-005;3.67452e-005;2.4779e-005;1.65765e-005;1.10007e-005;7.24224e-006;4.72978e-006;3.06426e-006;1.96934e-006;1;
1.76812;0;-6.57215;-2.48585;-1.166;-0.539587;-0.191637;0.0165468;0.144732;0.223092;0.268643;0.291807;0.299394;0.296081;0.28521;0.269238;0.250009;0.228922;0.207039;0.185165;0.163896;0.143665;0.124767;0.107392;0.0916377;0.0775354;0.0650602;0.0541468;0.0447008;0.0366077;0.0297421;0.0239735;0.019172;0.0152121;0.0119758;0.00935461;0.00725023;0.00557554;0.00425436;0.00322102;0.00241972;0.00180363;0.00133396;0.000978916;0.000712782;0.00051496;0.000369142;0.000262552;0.000185283;0.000129733;9.01284e-005;6.21245e-005;4.24867e-005;2.88289e-005;1.94083e-005;1.29637e-005;8.59106e-006;5.64861e-006;3.68476e-006;2.38478e-006;1;
1.7971;0;-6.55945;-2.48169;-1.16442;-0.539069;-0.191543;0.0165478;0.144832;0.223408;0.269241;0.292722;0.300634;0.297635;0.287053;0.271333;0.252312;0.231383;0.209608;0.187791;0.16653;0.146263;0.12729;0.109806;0.0939168;0.0796589;0.0670143;0.0559237;0.0462979;0.0380274;0.0309903;0.0250594;0.0201069;0.0160089;0.0126481;0.00991628;0.00771494;0.00595636;0.00456348;0.00346959;0.00261775;0.00195996;0.00145623;0.00107369;0.000785584;0.000570383;0.000410961;0.000293827;0.000208467;0.000146769;0.000102537;7.1085e-005;4.8901e-005;3.33811e-005;2.26111e-005;1.51978e-005;1.01362e-005;6.70816e-006;4.40514e-006;2.87041e-006;1;
1.82609;0;-6.54705;-2.47762;-1.16288;-0.538564;-0.191452;0.0165487;0.14493;0.223716;0.269825;0.293616;0.301846;0.299156;0.288857;0.273387;0.254572;0.233802;0.212136;0.190378;0.16913;0.148832;0.129789;0.112203;0.0961838;0.0817759;0.0689671;0.0577039;0.0479023;0.0394574;0.0322514;0.0261598;0.0210573;0.0168215;0.0133362;0.0104931;0.00819399;0.00635043;0.00488462;0.00372889;0.0028252;0.00212442;0.00158545;0.00117431;0.000863238;0.000629788;0.000456007;0.000327687;0.000233699;0.00016541;0.00011619;8.09992e-005;5.6039e-005;3.84766e-005;2.62179e-005;1.77293e-005;1.1898e-005;7.92396e-006;5.23716e-006;3.43504e-006;1;
1.85507;0;-6.53491;-2.47364;-1.16137;-0.53807;-0.191362;0.0165497;0.145026;0.224016;0.270396;0.29449;0.303032;0.300644;0.290625;0.2754;0.25679;0.236178;0.214623;0.192928;0.171696;0.151372;0.132265;0.114581;0.0984383;0.0838859;0.0709179;0.0594865;0.0495131;0.0408971;0.0335245;0.027274;0.0220226;0.0176495;0.0140395;0.0110849;0.00868717;0.00675762;0.00521772;0.00399891;0.00304211;0.00229711;0.00172171;0.00128089;0.000945869;0.000693296;0.000504398;0.000364243;0.000261078;0.000185742;0.000131161;9.19297e-005;6.39526e-005;4.41581e-005;3.02628e-005;2.05851e-005;1.38976e-005;9.3125e-006;6.19341e-006;4.08817e-006;1;
1.88406;0;-6.52304;-2.46975;-1.1599;-0.537587;-0.191274;0.0165506;0.145119;0.22431;0.270954;0.295344;0.304192;0.302102;0.292357;0.277375;0.258967;0.238514;0.217071;0.19544;0.174229;0.153883;0.134716;0.116941;0.10068;0.0859882;0.072866;0.061271;0.0511295;0.0423455;0.0348088;0.0284013;0.0230021;0.0184924;0.0147578;0.0116912;0.00919424;0.00717779;0.00556272;0.00427963;0.00326851;0.00247809;0.00186512;0.00139353;0.00103359;0.000761028;0.000556247;0.000403599;0.0002907;0.00020785;0.000147524;0.00010394;7.26949e-005;5.04692e-005;3.47815e-005;2.37939e-005;1.61575e-005;1.08912e-005;7.28732e-006;4.83999e-006;1;
1.91304;0;-6.51142;-2.46595;-1.15846;-0.537115;-0.191189;0.0165514;0.14521;0.224598;0.2715;0.29618;0.305327;0.303529;0.294055;0.279312;0.261105;0.24081;0.21948;0.197917;0.176729;0.156365;0.137144;0.119282;0.102908;0.0880824;0.0748108;0.0630565;0.0527508;0.0438021;0.0361038;0.029541;0.0239954;0.0193496;0.0154906;0.0123118;0.00971498;0.00761077;0.00591951;0.00457104;0.00350443;0.00266742;0.00201575;0.00151235;0.00112652;0.000833095;0.000611667;0.000445861;0.00032266;0.00023182;0.000165354;0.000117094;8.232e-005;5.74549e-005;3.98104e-005;2.73849e-005;1.87012e-005;1.26785e-005;8.53312e-006;5.70141e-006;1;
1.94203;0;-6.50005;-2.46223;-1.15705;-0.536654;-0.191105;0.0165523;0.145299;0.224878;0.272033;0.296998;0.306439;0.304927;0.295719;0.281213;0.263205;0.243068;0.221852;0.200358;0.179197;0.158819;0.139549;0.121605;0.105123;0.090168;0.0767518;0.0648426;0.0543763;0.045266;0.0374087;0.0306926;0.0250017;0.0202207;0.0162375;0.0129463;0.0102491;0.00805642;0.00628802;0.0048731;0.00374987;0.00286515;0.00217369;0.00163744;0.00122476;0.000909606;0.000670762;0.000491129;0.000357053;0.000257737;0.000184726;0.000131456;9.28826e-005;6.51609e-005;4.53874e-005;3.1389e-005;2.15532e-005;1.46938e-005;9.94588e-006;6.68402e-006;1;
1.97101;0;-6.48892;-2.45858;-1.15568;-0.536203;-0.191023;0.0165531;0.145386;0.225153;0.272555;0.297798;0.307527;0.306296;0.297351;0.283078;0.265268;0.245289;0.224186;0.202765;0.181633;0.161246;0.14193;0.123909;0.107324;0.0922447;0.0786884;0.0666284;0.0560055;0.0467366;0.0387229;0.0318554;0.0260206;0.0211051;0.016998;0.0135945;0.0107965;0.00851454;0.00666813;0.00518576;0.00400484;0.00307132;0.002339;0.00176888;0.00132841;0.000990664;0.000733637;0.000539504;0.000393971;0.000285685;0.000205714;0.000147092;0.000104438;7.3634e-005;5.15512e-005;3.58377e-005;2.47388e-005;1.69572e-005;1.15415e-005;7.80015e-006;1;
2;0;-6.47802;-2.45502;-1.15433;-0.535762;-0.190943;0.016554;0.145472;0.225422;0.273066;0.298581;0.308593;0.307639;0.298952;0.284909;0.267295;0.247472;0.226486;0.205138;0.184038;0.163645;0.144287;0.126194;0.109511;0.0943121;0.0806202;0.0684136;0.0576375;0.0482133;0.0400457;0.0330287;0.0270515;0.0220023;0.0177719;0.0142558;0.0113567;0.00898496;0.00705973;0.00550895;0.00426934;0.00328596;0.00251173;0.00190676;0.00143755;0.00107637;0.000800391;0.000591081;0.000433504;0.000315746;0.000228392;0.000164066;0.000117044;8.29218e-005;5.83415e-005;4.07635e-005;2.82846e-005;1.94899e-005;1.33367e-005;9.06283e-006;1;
